"id_question","answer","grade"
"1","كان عمره ست سنوات و أمه دفنت في الأبواء","2"
"1","كان عمره ست سنوات","1"
"1","توفيت و الرسول مُحمَّد ابن ست سنوات و دُفنت في الأبواء.","2"
"1","في سن الست سنوات و توفيت والدته و دُفِنَت في الأبواء.","2"
"1","في عامه السادس توفيت والدته و وُضِعَت في الأبواء.","2"
"1","عندما وافتها المنية في الأبواء، كان النبي محمد -صلى الله عليه و سلم- في سن السادسة.","2"
"1","بعد رحيل والدة النبي محمد -صلى الله عليه و سلم- في سن السادسة، توجهوا إلىالأبواء لتوديعها في مأواها الأخير.","2"
"1","بعد وفاة والدة النبي محمد -صلى الله عليه و سلم- في سن السادسة، أقيمت صلاة الجنازة في الأبواء قبل الدفن.","2"
"1","بعد رحيل والدة النبي محمد -صلى الله عليه و سلم- في سن السادسة، تم التنسيق لدفنها في الموقع المعروف بأبواء.","2"
"1","بعد وفاة والدة محمد في سن السادسة، تم استدعاء الأهل والأصدقاء لحضور مراسم الدفن في الأبواء.","2"
"1","بعد رحيل والدة النبي في سن السادسة، قاموا بنقل جثمانها إلىالأبواء للدفن.","2"
"1","في وفاة والدة النبي محمد -صلى الله عليه و سلم- في سن السادسة، نُظِمَت مراسم الدفن في الأبواء.","2"
"1","بعد رحيل والدة النبي محمد -صلى الله عليه و سلم- في سن السادسة، توجهوا إلىالأبواء لأداء فريضة الدفن.","2"
"1","بعد وفاة والدة النبي محمد -صلى الله عليه و سلم- في سن السادسة، أرسلوها إلىالأبواء لتلقي الدفن.","2"
"1","في سن السادسة، فُارِقَتْ والدة النبي محمد -صلى الله عليه و سلم- الحياة دُفِنَت في الأبواء","2"
"1","فقد النبي محمد -صلى الله عليه و سلم- والدته في ست سنوات من العمر وُفِدَت إلىالأبواء","2"
"1","بعد رحيل والدة النبي محمد -صلى الله عليه و سلم- في سن السادسة ، وُفِدَت إلىالأبواء لتلقي الدفن ","2"
"1","و في سن السادسة، غمرت الحزن أهل المدينة بوفاة والدة النبي محمد -صلى الله عليه و سلم لتي دُفِنَت في الأبواء","2"
"1","في سن السادسة، فجُعِلَ النبي محمد -صلى الله عليه و سلم- يفقد والدته لتي دُفِنَت في الأبواء","2"
"1","تاركة خلفها حزنًا كبيرًا، توفيت والدة النبي محمد -صلى الله عليه و سلم- وهو في السادسة من العمر دُفِنَت في الأبواء.","2"
"1","بعد وفاة والدة النبي محمد -صلى الله عليه و سلم- في السادسة من عمره، دُفِنَت في الأبواء.","2"
"1","تمت وفاة والدة النبي محمد -صلى الله عليه و سلم- وهو في سن الست سنوات دُفِنَت في الأبواء.","2"
"1","في السادسة من عمره، فارق النبي محمد -صلى الله عليه و سلم- والدته الدنيا دُفِنَت في الأبواء.","2"
"1","توفيت والدة النبي محمد -صلى الله عليه و سلم- وهو في سن السادسة دُفِنَت في الأبواء.","2"
"1","في ست سنوات دُفِنَت والدة النبي محمد -صلى الله عليه و سلم- في الأبواء بعد وفاتها.","2"
"1","في ست سنوات توفيت والدته","1"
"1","ست سنوات","1"
"1","في سن الست سنوات، وجد الرسول نفسه يفقد والدته","1"
"1","في ست سنوات من عمره","1"
"1","كان طفلاً في سن الست سنوات","1"
"1","توفيت والدته و دُفِنَت في الأبواء","1"
"1","كان في ست سنوات حينما توفيت والدته","1"
"1","وفي ست سنوات من عمره فقد والدته التي دُفِنَت في الأبواء.","2"
"1","كان طفلاً في ست سنوات حينما وافت المنية والدته","1"
"1","كانت هذه الواقعة في ست سنوات من عمره و دُفِنت في الأبواء.","2"
"1","الرسول كان في سن الست سنوات و دُفِنت والدته في موقعالأبواء.","2"
"1","في ست سنوات توفيت والدته وحدثت هذه الوفاة في الأبواء.","1"
"1","في عامه السادس فقد والدته التي توفيت و دُفِنت في الأبواء.","2"
"1","في سن الست سنوات، توفيت والدة الرسول وتم دفنها في الأبواء.","2"
"1","فقد والدته التي توفيت و دُفِنَت في الأبواء.","1"
"1","كانت مدفونة في الأبواء.","1"
"1","في الأبواء","1"
"1","في ست سنوات فقد والدته، و كانت في الأبواء.","2"
"1","الرسول محمد كان في ست سنوات عندما حدثت وفاة والدته","1"
"1","في السادس","1"
"1","في عامه السادس","1"
"1","في عامه السادس، توفيت والدة الرسول صلى الله عليه و سلم و دُفِنت في الأبواء.","2"
"1","في ست سنوات حدثت وفاة والدته","1"
"1","وقعت هذه الحادثة في الأبواء.","1"
"1","في ست ","1"
"1","ستة","1"
"1","في عمره ست سنوات","1"
"1","في عمره ستة سنوات","1"
"1","سنوات","0"
"1","ستة سنوات","1"
"1","ست","1"
"1","سن الست سنوات توفيت والدته","1"
"1","عندما كان في ست سنوات","1"
"1","كان في ست سنوات و أمه دفنت في الأبواء","2"
"1","كان في ست و أمه دفنت في الأبواء","2"
"1","دُفِنت في موقع يُعرف بأبواء","1"
"1","موقع يُعرف بأبواء","1"
"1","دُفِنت في الأبواء","1"
"1","دُفِنت بأبواء","1"
"1","دُفِنت في موقع لأبواء","1"
"1","وُلِد الرسول محمد صلى الله عليه و سلم","0"
"1","الرسول ","0"
"1","فقد والدته، و دُفِنت في موقع يُعرف بأبواء.","1"
"1","في ست سنوات خسر والدته التي دُفِنت في الأبواء.","2"
"1","في ست سنوات من عمره","1"
"1","حدثت مراسم الدفن في الأبواء.","1"
"1","كان في ست سنوات حين توفيت والدته، و دُفِنت في الأبواء.","2"
"1","عندما بلغ ست سنوات","1"
"1","في السنة السابعة من عمره","0"
"1","بلغ الرسول سن السابعة حين حدثت وفاة والدته.","0"
"1","بلغ الرسول محمد -صلى الله عليه و سلم- سبع سنوات و فقد والدته.","0"
"1","العاشرة","0"
"1","في سنوات الطفولة البريئة، شهد الرسول محمد -صلى الله عليه و سلم- فجيعة الفقد بوفاة والدته.","0"
"1","في الخامسة سنوات من حياة الرسول محمد -صلى الله عليه و سلم-، اتسمت الفترة بظلام الفراق مع والدته.","0"
"1","في عامه الخامس عاش الرسول محمد -صلى الله عليه و سلم- لحظة حزن عميق بفقدان والدته.","0"
"1","الخامسة سنوات تركت آثار الفقد في قلب الرسول محمد -صلى الله عليه و سلم- برحيل والدته.","0"
"1","الخامسة","0"
"1","بلغ الرسول محمد -صلى الله عليه و سلم- الخامسة من عمره حين شهد مرارة فقدان والدته.","0"
"1","في خمس سنوات من عمره، خاض الرسول محمد -صلى الله عليه و سلم- تجربة المصاب الأليم بفقدان والدته.","0"
"1","بين لحظات البراءة والعطف، جرى للرسول محمد -صلى الله عليه و سلم- فقدان والدته في سن السابعة.","0"
"1","في عشر سنوات من صغره، تأثر الرسول محمد -صلى الله عليه و سلم- برحيل والدته الرحيمة.","0"
"1","بين ألعاب الطفولة، نمت في قلب الرسول محمد -صلى الله عليه و سلم- ذكريات فقدان والدته.","0"
"1","وفي سنوات السبع، خلق الرسول محمد -صلى الله عليه و سلم- ذكريات محزنة برحيل والدته الحنونة.","0"
"1","في عشر سنوات قليلة، شهد الرسول محمد -صلى الله عليه و سلم- الفقد ","0"
"1","سبع سنوات تمثلت في فترة محورية للرسول محمد -صلى الله عليه و سلم- حيث فقد والدته الرحيمة.","0"
"1","في العاشرة من عمره، شعر الرسول محمد -صلى الله عليه و سلم- بألم الفراق مع رحيل والدته.","0"
"1","تلازمت الحياة و الموت في سبع سنوات من عمر الرسول محمد -صلى الله عليه و سلم- بفقدان والدته.","0"
"1","في سنوات العاشرة، جرت خيوط حياة الرسول محمد -صلى الله عليه و سلم- بفقدان والدته الغالية.","0"
"1","في سنوات من عمره، تعايش الرسول محمد -صلى الله عليه و سلم- مع فقدان والدته.","0"
"1","في سبع سنوات من عمره، فقد الرسول محمد صلى الله عليه و سلم والدته","0"
"1","في عامه السابع، واجه الرسول محمد صلى الله عليه و سلم فاجعة فقدان","0"
"1","في السنة السابعة لحياة الرسول، جرى خسارته لأمه","0"
"1","في عمره السابع","0"
"1","حدثت وفاة والدة النبي محمد صلى الله عليه و سلم في مكة المدينة المقدسة.","0"
"1","عندما كان في العمر العاشر","0"
"1","في سن سنوات","0"
"1","بعد رحيل والدة النبي محمد -صلى الله عليه و سلم- في سن العاشرة، توجهوا إلى مكة لتوديعها في مأواها الأخير.","0"
"1","في السنة العاشرة ","0"
"1","  توفيت والدته في مكة","0"
"1","في مدينة مكة المكرمة.","0"
"1","تمت وفاة والدة الرسول محمد صلى الله عليه و سلم في مكة.","0"
"1","كان عمر محمَّد صلّى الله عليه و سلّم عندما توفيت أمُّه","0"
"1","توفيت والدة النبي في مدينة مكة.","0"
"2","الملك جبريل عليه السلام","2"
"2","جبريل عليه السلام","2"
"2","الملك جبريل","2"
"2","جبريل","2"
"2","جبرائيل","1"
"2","الملك جبرائيل","1"
"2","جبرائيل","1"
"2","الملك جبرائيل عليه السلام","1"
"2","الملك جبر","0"
"2","الملك","0"
"2","جبر","0"
"2","الملك جبر عليه السلام","0"
"2","ميكائيل","0"
"2","ميكائيل عليه السلام","0"
"2","الملك ميكائيل عليه السلام","0"
"2","الملك بريل عليه السلام","0"
"2","الملك الذي انزل الوحي على الرسول صلى الله عليه و سلم هو الملك جبريل عليه السلام","2"
"2","الملك الذي انزل الوحي هو الملك جبريل عليه السلام","2"
"2","الملك الذي انزل الوحي هو جبرائيل عليه السلام","1"
"2","الملك الذي انزل الوحي هو جبريل","2"
"2","الملك الذي انزل الوحي","0"
"2","الملك الذي انزل الوحي هو ميكائيل","0"
"2","الملك الذي انزل الوحي هو الملك ميكائيل","0"
"2","الملك الذي انزل الوحي هو الملك ميكائيل عليه السلام","0"
"2","الملك الذي انزل الوحي هو الملك بريل","0"
"2","الملك الذي انزل الوحي هو الملك بريل عليه السلام","0"
"2","اسم الملك الذي جاء بالوحي إلى رسول الله صلى الله عليه و سلم هو جبريل عليه السلام","2"
"2","اسمه جبريل عليه السلام","2"
"2","سيدنا جبريل","2"
"2","الملك الذي جاء بالوحي إلى رسول الله صلى الله عليه و سلم هو جبريل عليه السلام","2"
"2","إسم الملك هو جبريل","2"
"2","سيدنا جبريل عليه السلام","2"
"2","جبريل عليه اليلام","2"
"2","الملك المكلف بالوحي هو جبريل عليه السلام","2"
"2","اسم الملك المكلف بالوحي هو جبريل عليه السلام","2"
"2","المكلف بالوحي هو جبريل عليه السلام","2"
"2","المكلف بالوحي هو جبريل","2"
"2","اسم الملك المكلف بالوحي هو جبرائيل عليه السلام","1"
"2","إسم الملك هو جبرائيل","1"
"2","المكلف بالوحي هو جبرائيل عليه السلام","1"
"2","سيدنا جبرائيل عليه السلام","1"
"2","سيدنا جبرائيل","1"
"2"," جبرائيل عليه اليلام","1"
"2","سيدنا","0"
"2","سيدنا عليه السلام","0"
"2","سيدنا ادم عليه السلام","0"
"2","ادم ","0"
"2","الذي انزل الوحي هو ادم","0"
"2","انزل الوحي","0"
"2","الوحي","0"
"2","سيدنا عليه السلام","0"
"2","الرسول صلى الله عليه و سلم","0"
"2","الرسول ","0"
"2","الملك الذي انزل الوحي على الرسول صلى الله عليه و سلم","0"
"2","الوحي","0"
"2","جبرايل","1"
"2","الملك جبرايل","1"
"2","المكلف بالوحي هو جبرايل","1"
"2","سيدنا  جبرايل عليه السلام","1"
"2","الملك الذي انزل الوحي على الرسول صلى الله عليه و سلم هو جبرايل","1"
"2","نوح عليه السلام","0"
"2","الملك","0"
"2","اسمه جبرايل عليه السلام","1"
"2","إسم الملك هو جبرايل","1"
"2","الذي انزل الوحي على الرسول صلى الله عليه و سلم هو جبريل","2"
"3","أول ما نزل من القرآن على النبي محمد صلى الله عليه وسلم كانت سورة العلق بآية ""اقْرَأْ"".","2"
"3","سورة العلق (إقرأ) هي أول ما أُنزل من القرآن على رسول الله صلى الله عليه وسلم.","2"
"3","السورة الأولى التي نزلت على النبي محمد صلى الله عليه وسلم هي سورة العلق.","2"
"3","سورة العلق (إقرأ) كانت أول الآيات التي نزلت على سيدنا محمد صلى الله عليه وسلم.","2"
"3","الآية الأولى في سورة العلق هي أول ما نزل من القرآن على النبي صلى الله عليه وسلم.","2"
"3","سورة العلق كانت بداية الوحي السماوي لرسول الله صلى الله عليه وسلم.","2"
"3","الآية ""اقْرَأْ"" في سورة العلق كانت بداية الوحي القرآني للنبي محمد صلى الله عليه وسلم.","2"
"3","سورة العلق (إقرأ) تعد أول ما أنزل من القرآن على النبي محمد صلى الله عليه وسلم.","2"
"3","الوحي الأول للنبي صلى الله عليه وسلم كان في سورة العلق ببداية ""اقْرَأْ"".","2"
"3","سورة العلق (إقرأ) هي السورة الأولى التي نزلت على النبي محمد صلى الله عليه وسلم.","2"
"3","بداية الوحي القرآني كانت بآية ""اقْرَأْ"" في سورة العلق.","2"
"3","النبي محمد صلى الله عليه وسلم تلقى أول الوحي في سورة العلق (إقرأ).","2"
"3","سورة العلق كانت البداية السماوية للنبي محمد صلى الله عليه وسلم.","2"
"3","أول ما نزل من القرآن على النبي صلى الله عليه وسلم كانت سورة العلق بآية ""اقْرَأْ"".","2"
"3","سورة العلق (إقرأ) تحمل في آياتها بداية الوحي السماوي للنبي محمد صلى الله عليه وسلم.","2"
"3","سورة القلم","0"
"3","إقراء","0"
"3","سورة القلم","0"
"3","سورة القل","0"
"3","القلم","0"
"3","سورة الفلق","0"
"3","أول ما نزل من القرآن الكريم على سيدنا محمد صلى الله عليه و سلم هي سورة القلم (إقرأ)","0"
"3","إقرأ","1"
"3","سورة إقراء","0"
"3","العلق","1"
"3","سورة العلق","2"
"3","سورة القلم","0"
"3","أول ما نزل من القرآن الكريم على سيدنا محمد صلى الله عليه و سلم هي سورة إقرأ","1"
"3","أول ما نزل من القرآن الكريم على سيدنا محمد صلى الله عليه و سلم هي سورة العلق","2"
"3","أول ما نزل من القرآن الكريم على سيدنا محمد صلى الله عليه و سلم هي سورة القلم","0"
"3","أول ما نزل من القرآن الكريم على سيدنا محمد صلى الله عليه و سلم هي سورة العلق (إقرأ)","2"
"3","أول ما نزل هي اقرا","1"
"3","سورة اقرأ : { اقرأ،اقرأ،اقرأ باسم ربك الذى خلق}.","1"
"3","سورة القلم : { اقرأ،اقرأ،اقرأ باسم ربك الذى خلق}.","0"
"3","اقرأ باسم ربك الذى خلق","1"
"3","سورة العلق : { اقرأ،اقرأ،اقرأ باسم ربك الذى خلق}.","2"
"3","أول ما نزل من القرآن الكريم على سيدنا محمد صلى الله عليه و سلم هي اقرأ باسم ربك الذى خلق","1"
"3","اقرء","1"
"3","أول ما نزل من القرآن الكريم على سيدنا محمد صلى الله عليه و سلم هي اقرأ ","1"
"3","أول ما نزل من القرآن الكريم على سيدنا محمد صلى الله عليه و سلم هي اقرء","1"
"3","اقرأ باسم ربك","1"
"3","اقرء باسم ربك","1"
"3","اقرء باسم ربك الذى خلق","1"
"3","أول ما نزل من القرآن الكريم على سيدنا محمد صلى الله عليه و سلم هي اقرء باسم ربك الذى خلق","1"
"3","أول ما نزل من القرآن الكريم على سيدنا محمد صلى الله عليه و سلم هي سورة العلق (اقرء)","2"
"3","أول ما نزل من القرآن الكريم على سيدنا محمد صلى الله عليه و سلم هي سورة القلم (اقرء)","0"
"3","السورة الأولى التي نزلت من القرآن الكريم على النبي محمد صلى الله عليه وسلم هي سورة القلم ببداية ""اقْرَءْ"".","0"
"3","سورة القلم (اقرء) هي السورة الأولى التي نزلت على النبي محمد صلى الله عليه وسلم.","0"
"3","أول ما أُنزل من القرآن على سيدنا محمد صلى الله عليه وسلم كانت سورة القلم ببداية ""اقْرَءْ"".","0"
"3","النبي محمد صلى الله عليه وسلم تلقى أول وحي في سورة القلم (اقرء).","0"
"3","سورة القلم ببداية ""اقْرَءْ"" كانت السورة الأولى التي نزلت على النبي محمد صلى الله عليه وسلم.","0"
"3","أول ما نزل على النبي صلى الله عليه وسلم من القرآن كانت سورة القلم ببداية ""اقْرَءْ"".","0"
"3","سورة القلم (اقرء) تُعتبر السورة الأولى التي نزلت على سيدنا محمد صلى الله عليه وسلم.","0"
"3","بداية الوحي السماوي للنبي محمد صلى الله عليه وسلم كانت في سورة القلم بكلمة ""اقْرَءْ"".","0"
"3","اقرا بسم ربك الذي خلق","1"
"3","اقرء بسم ربك الذي خلق","1"
"3","أول ما نزل من القرآن الكريم على سيدنا محمد صلى الله عليه و سلم هي الاية : ""اقرأ بسمي ربك الذي خلق"" ","1"
"3","إقرأ بإسم ربك ااذي خلق","1"
"3","إقرأ بإسم ربك الذي خلق","1"
"3","اقرء بإسم ربك الذي خلق","1"
"3","أول ما نزل من القرآن الكريم على سيدنا محمد ص اقرأ باسم ربك الذي خلق","1"
"3","إقرأ سورة العلق","2"
"3","أول آية نزلت من القرآن على رسول الله صلى الله عليه و سلم هي: إقرأ باسم ربك الذي خلق","1"
"3","سوره العلق اقرا باسم ربك الذي خلق","2"
"3","سورة العلق (إقرأ باسم ربك الذي خلق ...)","2"
"3","إقرأ بإسم ربك الذي خلق خلق الإنسان من علق سورة العلق","2"
"3","اقرا اقرا سورة العلق","2"
"3","أول ما نزل من القرآن الكريم على الرسول صلى الله عيله و سلم سورة العلق ( اقرا )","2"
"3","اول ما نزل من القرآن الكريم على الرسول صلى الله عليه و سلم هو:(اقرأ باسم ربك الذي خلق خلق الانسان من علق)","1"
"3","إقرأ بإسم ربك الذي خلق خلق الإنسان من علق سورة القلم","0"
"3","إقرأ بإسم ربك الذي خلق خلق الإنسان من علق سورة الفلق","0"
"3","سوره الفلق","0"
"3","الفلق","0"
"3","سورة القلم (إقرأ باسم ربك الذي خلق)","0"
"3","سورة الفلق (إقرأ باسم ربك الذي خلق)","0"
"3","اقرأ باسم ربك","1"
"3","اقرأ باسم ربك سورة العلق","2"
"3","اقرء باسم ربك سورة العلق","2"
"3","اقرا بسم ربك الذي خلق سورة العلق","2"
"3","اقرء  بسم ربك سورة العلق","2"
"3","إقرأ إقرأ بإسم ربك الذي خلق خلق الإنسان من علق سورة الفلق","0"
"3","إقرأ إقرأ بإسم ربك الذي خلق خلق الإنسان","1"
"3","إقرأ إقرأ","1"
"3","اقرا بسم","1"
"3","أول ما نزل من القرآن الكريم على سيدنا محمد صلى الله عليه و سلم هي سورة اقرا ","1"
"3","أول ما نزل من القرآن الكريم على سيدنا محمد صلى الله عليه و سلم هي سورة اقرا بسم ربك","1"
"3","أول ما نزل من القرآن الكريم على سيدنا محمد صلى الله عليه و سلم هي سورة اقرا بسم ربك الذي خلق","1"
"3","هي الاية : ""اقرأ بسمي ربك الذي خلق"" ","1"
"3","العلق: اقرأ بسم ربك الذي خلق","2"
"3","القلم: اقرأ بسم ربك الذي خلق","0"
"3","الفلق: اقرأ بسم ربك الذي خلق","0"
"3","الفلق: اقرأ","0"
"3","اقرأ: القلم","0"
"4","زوجته خديجة بنت خويلد كانت أول امرأة آمنت به، وأبو بكر الصديق كان أول رجل يؤمن به، وعلي بن أبي طالب كان أول صبي","2"
"4","زوجته خديجة بنت خويلد كانت أول امرأة آمنت به، وأبو بكر الصديق وعلي بن أبي طالب","2"
"4","زوجته خديجة بنت خويلد، وأبو بكر الصديق وعلي بن أبي طالب","2"
"4","زوجته خديجة، وأبو بكر الصديق وعلي بن أبي طالب","2"
"4","أبو بكر الصديق و خديجة و علي بن أبي طالب","2"
"4","أوَّل من آمن به من النِّساء زوجته خديجة بنت خويلد، و من الرِّجال أبو بكر الصِّديق، و من الصِّبيان علي بن أبي طالب","2"
"4","أول من آمن بالنبي و صدّقه هو خديجة بنت خويلد، زوجة النبي محمد صلى الله عليه و سلم","1"
"4","خديجة بنت خويلد","1"
"4","زوجة النبي محمد صلى الله عليه و سلم خديجة بنت خويلد","1"
"4","أبو بكر الصديق كان من أوائل المسلمين و صدّق النبي محمد صلى الله عليه و سلم","1"
"4","علي بن أبي طالب و هو ابن عم النبي محمد صلى الله عليه و سلم و صهره، آمن بالنبي و صدّقه","1"
"4","أبو بكر الصديق","1"
"4","علي بن أبي طالب","1"
"4","بن عبد المطلب","0"
"4"," المطلب","0"
"4","ابن عم النبي محمد ","0"
"4","أبو طالب، آمن بالنبي و صدّقه","0"
"4","صديق الرسول ص","0"
"4","أحد الصحابة","0"
"4","الصديق","0"
"4","أبي طالب","0"
"4","بنت أبي بكر","0"
"4","عائشة بنت أبي بكر","0"
"4","زوجة النبي محمد صلى الله عليه و سلم","0"
"4","زوجة النبي محمد صلى الله عليه و سلم عائشة بنت أبي بكر آمنت به و صدّقته","0"
"4","عثمان بن عفان كان أوَّل أحد الصحابة الذين آمنوا بالنبي و صدّقوه","0"
"4","عبد الله بن مسعود","0"
"4","خديجة بنت خويلد، كانت أوَّل من آمن به من النِّساء، و من الرِّجال آمن به أبو بكر الصِّديق","2"
"4","خديجة بنت خويلد، كانت أوَّل من آمن به من النِّساء،و من الصِّبيان علي بن أبي طالب","2"
"4","من الصِّبيان علي بن أبي طالب","1"
"4","من الرِّجال آمن به أبو بكر الصِّديق","1"
"4","خديجة بنت خويلد، كانت أوَّل من آمن به من النِّساء، و من الرِّجال عبد الله بن مسعود","1"
"4","خديجة بنت خويلد كانت أوَّل امرأة آمنت به و أبو بكر الصِّديق كان أوَّل رجل آمن به","2"
"4","خديجة كانت أوَّل امرأة آمنت به ","1"
"4","خديجة بنت خويلد، آمنت به أول من النِّساء و عبد الله بن مسعود و علي بن أبي طالب","2"
"4","خديجة، آمنت به أول و علي بن أبي طالب و عبد الله بن مسعود","2"
"4","من الرِّجال آمن به زيد بن حارثة و من الصِّبيان علي بن أبي طالب","1"
"4","خديجة","1"
"4","زيد بن حارثة","0"
"4","من الصِّبيان زيد بن حارثة","0"
"4","من الرِّجال آمن به زيد بن حارثة","0"
"4","زوجة النبي محمد صلى الله عليه و سلم ","0"
"4","من الصِّبيان علي بن أبي طالب","1"
"4","علي بن أبي طالب آمن بالنبي و صدّقه","1"
"4","زوجة النبي محمد صلى الله عليه و سلم عائشة","0"
"4","خديجة بنت خويلد و أبو بكر الصِّديق  و علي بن أبي طالب","2"
"4","خديجة و أبو بكر و علي","2"
"4","زوجة النبي محمد صلى الله عليه و سلم و عبد الله بن مسعود و علي بن أبي طالب","1"
"4","زوجة النبي عائشة أول من آمنت به و علي بن أبي طالب","1"
"4"," علي بن أبي طالب كان أوَّل أحد الصحابة الذين آمنوا بالنبي و صدّقوه","1"
"4","زوجة النبي محمد خديجة","1"
"4"," علي بن أبي طالب كان أوَّل الصحابة الذين آمنوا بالنبي و صدّقوه","1"
"4"," علي بن أبي طالب كان أوَّل الصحابة الصِّبيان الذين آمنوا بالنبي و صدّقوه","1"
"4","أبو بكر الصديق ","1"
"4","خديجة و أبو بكر ","2"
"4","علي","1"
"4","خديجة و علي","2"
"4","علي و أبو بكر","2"
"4","أبو بكر الصديق و علي بن أبي طالب ","2"
"4","خديجة بنت خويلد و أبو بكر الصِّديق","2"
"4","خديجة بنت خويلد و علي بن أبي طالب ","2"
"4","أبو بكر و علي بن أبي طالب ","2"
"4","أبو بكر الصديق و علي  ","2"
"4","خديجة و علي بن أبي طالب ","2"
"4","خديجة بنت خويلد و علي ","2"
"4","خديجة و أبو بكر الصِّديق","2"
"4","خديجة بنت خويلد و أبو بكر","2"
"4"," علي بن أبي طالب كان أوَّل الصحابة الذين آمنوا بالنبي صلى الله عليه و سلم ","1"
"4","أبو بكر الصديق و عبد الله بن مسعود  ","1"
"4","أول من آمن بالنبي و صدّقه هو عبد الله بن مسعود","0"
"4","من آمن به أولا عبد الله بن مسعود و أبو بكر الصِّديق و علي بن أبي طالب","2"
"4","من آمن به أولا أبو بكر الصِّديق و علي بن أبي طالب","2"
"4","عثمان بن عفان","0"
"4"," عثمان بن عفان أوَّل من آمن بالنبي و صدّقه","0"
"4","زوجته","0"
"4"," ابن عم النبي محمد صلى الله عليه و سلم علي بن أبي طالب","1"
"4","خديجة من النِّساء و من الرِّجال أبو بكر والصِّبيان علي بن أبي طالب","2"
"4","صهر النبي محمد صلى الله عليه و سلم علي بن أبي طالب أوَّل من آمن به","1"
"4","ابن عم النبي محمد صلى الله عليه و سلم علي","1"
"4","ابن عمه","0"
"4","بنت الصديق","0"
"4","عائشة أم المؤمنين","0"
"4","بن أبي طالب","0"
"4","بن عبد المطلب","0"
"5","أخلاء النبي محمد صلى الله عليه و سلم لمكة و هجرته إلى المدينة، الحادثة المعروفة باسم الهجرة","1"
"5","الهجرة","1"
"5","قرر النبي محمد صلى الله عليه و سلم أخلاء مكة و الهجرة إلى المدينة.","1"
"5","تحقيق الحماية و الاستقرار للمسلمين","1"
"5","النبي محمد صلى الله عليه و سلم قاد هجرته من مكة إلى المدينة","1"
"5","هاجر النبي محمد صلى الله عليه و سلم إلى المدينة نتيجة للاضطهاد في مكة.","1"
"5","الهجرة من مكة إلى المدينة حدثت بسبب التضييق و الاضطهاد الشديد الذي واجهه المسلمون.","1"
"5","كانت هجرة النبي إلى المدينة استجابة للظروف الصعبة و الضغوط في مكة.","1"
"5","قرر النبي محمد صلى الله عليه و سلم الهجرة من مكة إلى المدينة لضمان سلامة المسلمين.","2"
"5","بسبب الاضطهاد الذي تعرضوا له، قاد النبي هجرتهم إلى المدينة.","1"
"5","الهجرة إلى المدينة كانت خطوة حاسمة للحفاظ على دعوة الإسلام و سلامة المسلمين.","2"
"5","قام النبي بتنظيم هجرته من مكة إلى المدينة لتفادي التهديدات في مكة.","1"
"5","الهجرة إلى المدينة كانت خطوة استراتيجية لتحقيق الحماية و الاستقرار للمسلمين.","2"
"5","في وجه الظروف الصعبة، قرر النبي ترك مكة و الانتقال إلى المدينة.","1"
"5","الهجرة كانت قرارًا استراتيجيًا لضمان استمرار الدعوة الإسلامية و حماية المسلمين.","2"
"5","بسبب الضغوط و الاعتداءات في مكة، اتخذ النبي محمد صلى الله عليه و سلم قرار الهجرة إلى المدينة.","1"
"5","قاد النبي محمد صلى الله عليه و سلم هجرته إلى المدينة بناءً على توجيهات من الله.","1"
"5","بدأ النبي محمد صلى الله عليه و سلم رحلته إلى المدينة تاركًا خلفه مكة.","1"
"5","الهجرة من مكة إلى المدينة كانت لتحقيق هدف أكبر و لتوفير حياة آمنة للمسلمين.","2"
"5","الاضطهاد الشديد","1"
"5","كان المسلمين يواجهون اضطهادًا شديدًا و مضايقات كبيرة في مكة","1"
"5","حماية المسلمين و ضمان  استمرار دعوتهم الإسلامية","1"
"5","قاد النبي محمد صلى الله عليه و سلم هجرته إلى المدينة كجزء من استراتيجيته لتوفير بيئة آمنة لأتباعه.","2"
"5","الهجرة إلى المدينة كانت خطوة استراتيجية تهدف إلى توفير حماية فعّالة للمسلمين.","2"
"5","بوصفها قرارًا استراتيجيًا، اعتبر النبي محمد صلى الله عليه و سلم الهجرة إلى المدينة وسيلة لضمان الاستقرار و الأمان.","2"
"5","كجزء من استراتيجيته الشاملة، اتخذ النبي محمد صلى الله عليه و سلم خطوة الهجرة إلى المدينة.","1"
"5","الهجرة إلى المدينة كانت استراتيجية تحقيق الاستقرار و الأمان و حماية المسلمين.","2"
"5","كانت خطوة النبي محمد صلى الله عليه و سلم نحو المدينة جزءًا من استراتيجيته الرامية إلى تحقيق الحماية و الاستقرار.","2"
"5","الهجرة كانت جزءًا من الخطة الاستراتيجية التي اعتمدها النبي محمد صلى الله عليه و سلم لحماية المسلمين.","2"
"5","قاد النبي محمد صلى الله عليه و سلم المسلمين إلى المدينة.","1"
"5","قرر النبي محمد صلى الله عليه و سلم الهجرة إلى المدينة لتحقيق الحماية و الاستقرار.","2"
"5","الهجرة إلى المدينة كانت استراتيجية فعّالة اتبعها النبي لتأمين الأمان و الاستقرار لأتباعه.","2"
"5","كجزء من استراتيجيته الرائدة، قاد النبي محمد صلى الله عليه و سلم الهجرة إلى المدينة.","1"
"5","الهجرة إلى المدينة كانت خطوة حكيمة من النبي محمد صلى الله عليه و سلم لتوفير حماية للمسلمين.","2"
"5","في إطار استراتيجيته للحفاظ على الأمان و الاستقرار، انتقل النبي إلى المدينة.","2"
"5","الهجرة إلى المدينة كانت استراتيجية تهدف إلى بناء دعوة قائمة على الأمان و الاستقرار.","2"
"5","كانت الهجرة إلى المدينة قرارًا استراتيجيًا لتحقيق الأمان و الحماية للمسلمين.","2"
"5","الهجرة إلى المدينة قرارًا حكيمًا للمحافظة على سلامة المسلمين.","2"
"5","قاد النبي محمد صلى الله عليه و سلم الهجرة إلى المدينة بغرض الحفاظ على الدعوة الإسلامية و سلامة المسلمين.","2"
"5","كانت الهجرة إلى المدينة خطوة استراتيجية حاسمة للنبي محمد صلى الله عليه و سلم لضمان استمرار دعوة الإسلام و حماية المؤمنين.","2"
"5","باتخاذه القرار بالهجرة إلى المدينة، أظهر النبي محمد صلى الله عليه و سلم حنكة استراتيجية في الحفاظ على الإسلام و سلامة المسلمين.","2"
"5","النبي محمد صلى الله عليه و سلم قاد هجرته إلى المدينة كجزء من استراتيجيته للحفاظ على نور الإيمان و سلامة المؤمنين.","2"
"5","بفضل الهجرة إلى المدينة، نجح النبي في الحفاظ على دعوة الإسلام و تأمين سلامة المسلمين.","2"
"5","كانت الهجرة إلى المدينة خيارًا حكيمًا اتخذه النبي محمد صلى الله عليه و سلم للحفاظ على استمرار دعوة الإسلام و حماية المسلمين.","2"
"5","باتخاذ قرار الهجرة إلى المدينة، أظهر النبي محمد صلى الله عليه و سلم رؤية استراتيجية لضمان أمن و استقرار المسلمين.","2"
"5","الهجرة إلى المدينة لم تكن مجرد تنقل، بل كانت خطوة مدروسة للنبي محمد صلى الله عليه و سلم للحفاظ على الإسلام و سلامة الأمة.","2"
"5","النبي محمد صلى الله عليه و سلم اعتبر الهجرة إلى المدينة خطوة ضرورية للحفاظ على نسيج الإسلام و أمان المسلمين.","2"
"5","الهجرة إلى المدينة تمثل خيارًا استراتيجيًا تبناه النبي محمد صلى الله عليه و سلم لحماية دين الإسلام و سلامة المسلمين.","2"
"5","كانت الهجرة إلى المدينة قرارًا حاسمًا يُظهِر حكمة النبي محمد صلى الله عليه و سلم في الحفاظ على الإسلام و سلامة الأمة.","2"
"5","النبي محمد صلى الله عليه و سلم اتخذ الهجرة إلى المدينة خطوة استراتيجية للدفاع عن دين الإسلام و حماية المجتمع المسلم.","2"
"5","قرار الهجرة إلى المدينة كان قرارًا حكيمًا اتخذه النبي محمد صلى الله عليه و سلم لتحقيق الحماية و الاستقرار للمسلمين.","2"
"5","الهجرة إلى المدينة كانت الخطوة الحاسمة التي اتخذها النبي محمد صلى الله عليه و سلم للحفاظ على دعوة الإسلام و سلامة المؤمنين.","2"
"5","بفضل الهجرة إلى المدينة، استطاع النبي محمد صلى الله عليه و سلم توفير بيئة آمنة ومستقرة للمسلمين.","2"
"5","النبي محمد صلى الله عليه و سلم اعتبر الهجرة إلى المدينة الخطوة الحاسمة التي أسهمت في حفظ الإسلام و سلامة المسلمين.","2"
"5","الهجرة إلى المدينة تمثل جزءًا من الخطة الشاملة التي اعتمدها النبي محمد صلى الله عليه و سلم لضمان الأمان و الاستقرار.","2"
"5","النبي محمد صلى الله عليه و سلم قاد هجرته من مكة إلى المدينة بسبب الضغوط و الاعتداءات الشديدة.","1"
"5","بفعل الضغوط و الاعتداءات التي تعرض لها في مكة، اتخذ النبي محمد صلى الله عليه و سلم قرار الهجرة إلى المدينة.","1"
"5","كانت الهجرة إلى المدينة قرارًا طبيعيًا تحت ضغوط واعتداءات متزايدة في مكة.","1"
"5","النبي محمد صلى الله عليه و سلم انتقل إلى المدينة بناءً على قراره الاستجابة للضغوط و الاعتداءات التي واجهها في مكة.","1"
"5","بسبب تصاعد الضغوط و الاعتداءات في مكة، قاد النبي محمد صلى الله عليه و سلم هجرته إلى المدينة.","1"
"5","كان قرار الهجرة إلى المدينة نتيجة مباشرة للضغوط و الاعتداءات التي واجهها النبي في مكة.","1"
"5","النبي محمد صلى الله عليه و سلم اتخذ قرار الهجرة إلى المدينة نتيجة للضغوط و الاعتداءات الشديدة التي كان يتعرض لها.","1"
"5","بسبب الظروف الصعبة و الاعتداءات المتزايدة، انتقل النبي محمد صلى الله عليه و سلم إلى المدينة.","1"
"5","كانت الهجرة إلى المدينة ردًا طبيعيًا للاعتداءات المتكررة التي تعرض لها النبي في مكة.","1"
"5","النبي محمد صلى الله عليه و سلم استجاب للاعتداءات المتزايدة باتخاذ قرار الهجرة إلى المدينة.","1"
"5","كان قرار الهجرة إلى المدينة حلاً للنبي محمد صلى الله عليه و سلم للهروب من الضغوط و الاعتداءات في مكة.","1"
"5","بفعل الاعتداءات و الضغوط المستمرة في مكة، انتقل النبي محمد صلى الله عليه و سلم إلى المدينة.","1"
"5","الهجرة إلى المدينة كانت الخيار الوحيد الذي تبناه النبي محمد صلى الله عليه و سلم للتخلص من الاعتداءات في مكة.","1"
"5","بسبب التصاعد السريع للاعتداءات، اتخذ النبي محمد صلى الله عليه و سلم قرار الهجرة إلى المدينة.","1"
"5","قاد النبي محمد صلى الله عليه و سلم هجرته إلى المدينة كاستجابة للاعتداءات و الضغوط الشديدة في مكة.","1"
"5","بسبب الازدياد الكبير للاعتداءات، قرر النبي محمد صلى الله عليه و سلم الانتقال إلى المدينة.","1"
"5","النبي محمد صلى الله عليه و سلم أدرك أن الهجرة إلى المدينة هي الحلاقة للتغلب على الاعتداءات و الضغوط.","1"
"5","بفعل الظروف الصعبة و الاعتداءات المتزايدة، كانت الهجرة إلى المدينة الخيار الوحيد للنبي محمد صلى الله عليه و سلم.","1"
"5","القرار الحكيم الذي اتخذه النبي محمد صلى الله عليه و سلم للتغلب على الظروف الصعبة في مكة.","0"
"5","قرر النبي الفرار من الاعتداءات والظروف الصعبة التي كان يعيشها في مكة.","0"
"5","بسبب الازدحام في مكة.","0"
"5","كانت رد فعل للمشاكل الاقتصادية في مكة.","0"
"5","كانت نتيجة لتجنب الطقس السيء في مكة.","0"
"5","النبي محمد صلى الله عليه و سلم بسبب تفاقم المشاكل الاقتصادية في مكة.","0"
"5","الضغوط الاقتصادية في مكة كانت الدافع وراء قرار النبي محمد صلى الله عليه و سلم.","0"
"5","بسبب تدهور الوضع الاقتصادي في مكة.","0"
"5","تمثل ردًا عقلانيًا للتصدي للتحديات الاقتصادية التي واجهها النبي في مكة.","0"
"5","بسبب تأثر مكة بالمشاكل الاقتصادية المتزايدة.","0"
"5","كانت استجابة طبيعية لتفاقم المشاكل الاقتصادية في مكة.","0"
"5","بسبب الصعوبات الاقتصادية في مكة.","0"
"5","نتيجة لتفاقم المشاكل الاقتصادية في مكة.","0"
"5","استجابة عاقلة للتحديات الصعبة التي كان يواجهها النبي في مكة.","0"
"5","بفعل تفاقم المشاكل.","0"
"5","كانت حلاً مناسبًا لتخفيف الأعباء الاقتصادية عن النبي في مكة.","0"
"5","بسبب تزايد الصعوبات المالية","0"
"5","النبي محمد صلى الله عليه و سلم قرر بسبب الضغوط الاقتصادية التي كان يعيشها في مكة.","0"
"5","بسبب تفاقم المشاكل المالية في مكة، انتقل النبي محمد صلى الله عليه و سلم.","0"
"5","كانت جوابًا عقلانيًا لمواجهة النبي للصعوبات الاقتصادية في مكة.","0"
"5","بفضل تفاقم الأزمات المالية، اتخذ النبي محمد صلى الله عليه و سلم الخطوة","0"
"5","بسبب الأوضاع الصعبة","0"
"5","كان تصرفًا منطقيًا للتغلب على التحديات المالية التي كان يواجهها النبي في مكة.","0"
"5","بسبب الأوضاع المالية الصعبة في مكة، اعتبر ضرورة ملحة.","0"
"5","الهجرة إلى المدينة كانت استجابة طبيعية لتفاقم الأزمات المالية في مكة.","0"
"5","النبي محمد صلى الله عليه و سلم اتخذ قرار كاستجابة طبيعية لتفاقم الأزمات في مكة.","0"
"5","الأوضاع في مكة","0"
"5","تفاقم الأزمات في مكة، و  كانت هذه استجابة طبيعية للظروف.","0"
"5","بسبب تفاقم الأوضاع الصعبة","0"
"5","كانت الخيار الواضح والطبيعي لمواجهة تفاقم الأزمات التي كان يواجهها النبي في مكة.","0"
"5","بفعل الأوضاع الصعبة في مكة","0"
"5","لتفاقم الأزمات في مكة.","0"
"5","بسبب تفاقم الأوضاع، اتخذ النبي محمد صلى الله عليه و سلم الخطوة الطبيعية","0"
"5","استجابة الطبيعية و المنطقية لتفاقم الأوضاع الصعبة في مكة.","0"
"5","الأزمات","0"
"5","لتصاعد الأزمات في مكة.","0"
"5","تفاقم الأوضاع الصعبة في مكة حلاً طبيعيًا.","0"
"5","نتيجة تفاقم الأزمات، و كانت هذه الخطوة طبيعية للنبي محمد صلى الله عليه و سلم.","0"
"5","بسبب تفاقم الأوضاع الاقتصادية في مكة بشكل طبيعي.","0"
"5","كانت الاستجابة الطبيعية لتفاقم الأزمات والتحديات في مكة.","0"
"5","بفضل تفاقم الأوضاع، اتخذ النبي محمد صلى الله عليه و سلم القرار","0"
"5","بسبب تفاقم الأوضاع، و كانت هذه الخطوة استجابة طبيعية.","0"
"5","بسبب تفاقم الأزمات في مكة، اتخذ النبي محمد صلى الله عليه و سلم القرار","0"
"5","ظروف الصعبة وتفاقم الأزمات في مكة.","0"
"5","بسبب تفاقم الأوضاع، انتقل النبي محمد صلى الله عليه و سلم بشكل طبيعي و منطقي.","0"
"6","صلاة الكسوف أو صلاة الخسوف أو صلاة الكسوفَين، هي نوع من أنواع صلاة النفل المؤقت بسبب كسوف الشمس أو خسوف القمر","2"
"6","الكسوف","1"
"6","الخسوف","1"
"6","صلاة الكسوف بسبب كسوف الشمس ","1"
"6","صلاة الكسوفَين تُؤدى نتيجة لحدوث كسوف للشمس أو خسوف للقمر ","2"
"6","صلاة الكسوف تعتبر صلاة نفل مؤقتة يُقامها بسبب حدوث كسوف أو خسوف.","2"
"6","إقامة صلاة الكسوف أو الخسوف هي نوع من أنواع الصلوات النفل المؤقتة.","2"
"6","نتيجة لحدوث كسوف للشمس أو خسوف للقمر، يتم أداء صلاة الكسوفَين.","2"
"6","صلاة الكسوفَين تُقام عندما يحدث كسوف للشمس أو خسوف للقمر.","2"
"6","إقامة صلاة الكسوفَين تعتبر رد فعل ديني على حدوث كسوف أو خسوف.","2"
"6","صلاة الكسوفَين تُؤدي كنوع من أنواع العبادة في حالة حدوث ظاهرة الكسوف أو الخسوف.","2"
"6","في حالة حدوث كسوف للشمس أو خسوف للقمر، يُدير المسلمون صلاة الكسوفَين.","2"
"6","صلاة الكسوفَين تعبر عن احترام المسلمين للظواهر الفلكية مثل كسوف الشمس و خسوف القمر.","2"
"6","حدوث كسوف أو خسوف يستلزم أداء صلاة الكسوفَين كتعبير عن الشكر و التقدير للخالق.","2"
"6","الكسوف و الخسوف يُعتبران مناسبتين لأداء الصلاة الخاصة التي تسمى صلاة الكسوفَين.","2"
"6","صلاة الكسوفَين تُعبِّر عن تواصل المسلمين مع الله في وجه الظواهر الفلكية.","2"
"6","عندما يحدث كسوف للشمس أو خسوف للقمر، يُخصِّص وقت لأداء صلاة الكسوفَين.","2"
"6","حدوث كسوف أو خسوف يعتبر مناسبة لأداء صلاة الكسوفَين بتفرغ و انصراف إلى الله.","2"
"6","صلاة الكسوفَين تعتبر من الطقوس الدينية التي تُؤدي عند حدوث ظاهرة الكسوف أو الخسوف.","2"
"6","في لحظات الكسوف أو الخسوف، يتوجه المسلمون لأداء صلاة الكسوفَين كتعبير عن الخضوع و التواصل مع الله.","2"
"6","الكسوف و الخسوف يعتبران مناسبة لأداء العبادات الخاصة، منها صلاة الكسوفَين.","2"
"6","حدوث كسوف للشمس أو خسوف للقمر يستدعي المسلمين لأداء صلاة الكسوفَين كفرصة للتضرع إلى الله.","2"
"6","صلاة الكسوفَين تُشكِّل تعبيرًا عن التواصل العميق بين المسلم و الله في وقت الظواهر الكونية.","2"
"6","إقامة صلاة الكسوفَين تعكس روحانية المسلمين و اعتناقهم للعبادة في جميع الأحوال.","2"
"6","الكسوف و الخسوف يعتبران مناسبتين تحث المسلمين على أداء صلاة الكسوفَين بتأمل و خشوع.","2"
"6","حدوث كسوف للشمس أو خسوف للقمر يدعو المسلمين لأداء صلاة الكسوفَين للابتهاج و الشكر.","2"
"6","صلاة الكسوفَين تُؤدى بنية النفل و تُظهِر الاعتناق العميق للدين في وجه الظواهر الفلكية.","2"
"6","الكسوف و الخسوف يستلزمان اتخاذ الوقت لأداء صلاة الكسوفَين و التفكير في عظمة الله.","2"
"6","حدوث كسوف أو خسوف يُعتبر فرصة لأداء صلاة الكسوفَين بنية النفل و التقرب إلى الله.","2"
"6","الكسوف و الخسوف يُعَدُّان حدثين يستحقان تفرغ المسلمين لأداء صلاة الكسوفَين.","2"
"6","في أثناء حدوث الكسوف أو الخسوف، يُخصِّص وقت لأداء صلاة الكسوفَين كتعبير عن الاعتراف بعظمة الله.","2"
"6","صلاة الكسوفَين تعبر عن التواصل الروحي و الديني مع الله في وجه ظواهر الكون.","2"
"6","حدوث الكسوف أو الخسوف يُشير إلى الضرورة الدينية لأداء صلاة الكسوفَين و الابتهاج بفضل الله.","2"
"6","صلاة الكسوفَين تُظهِر اهتمام المسلمين بالعبادة و التفاعل مع الأحداث الكونية الهامة.","2"
"6","الكسوف و الخسوف يُشكِّلان فرصة لأداء صلاة الكسوفَين كتعبير عن الالتزام الديني.","2"
"6","إقامة صلاة الكسوفَين تُبرِز العلاقة القوية بين المسلمين و الله في مواجهة الظواهر الطبيعية.","2"
"6","حدوث الكسوف أو الخسوف يعتبر مناسبة لأداء العبادات و الطاعات الإلهية، منها صلاة الكسوفَين.","2"
"6","عندما يحدث كسوف للشمس، يُؤدي المسلمون صلاة الكسوف.","1"
"6","صلاة الكسوف تُقام عندما يحدث كسوف للشمس.","1"
"6","إقامة صلاة الكسوف تعتمد على حدوث كسوف للشمس.","1"
"6","حدوث كسوف للشمس يستوجب أداء صلاة الكسوف.","1"
"6","في حالة حدوث كسوف للشمس، يُدير المسلمون صلاة الكسوف.","1"
"6","صلاة الكسوف تُؤدي كنوع من أنواع العبادة عندما يحدث كسوف للشمس.","1"
"6","حدوث كسوف للشمس يستدعي المسلمين لأداء صلاة الكسوف.","1"
"6","صلاة الكسوف تُعبِّر عن التقدير و الشكر لله في وجه ظاهرة الكسوف.","1"
"6","عندما يحدث كسوف للشمس، يُخصِّص وقت لأداء صلاة الكسوف.","1"
"6","حدوث كسوف للشمس يستدعي المسلمين لأداء صلاة الكسوف.","1"
"6","صلاة الكسوف تُؤدي بنية النفل في وجه ظاهرة الكسوف.","1"
"6","الخسوف يُعتبر سببًا لأداء المسلمين صلاة خاصة تُسمى صلاة الخسوف.","1"
"6","المسلمون يؤدون صلاة الخسوف نتيجة حدوث الخسوف في الفلك.","1"
"6","صلاة الخسوف تأتي كرد فعل لحدوث ظاهرة الخسوف بين الشمس والقمر.","1"
"6","الخسوف يُعَدُّ السبب الرئيسي لأداء المسلمين صلاة خاصة به.","1"
"6","المسلمون يؤدون صلاة الخسوف بناءً على حدوث الخسوف في السماء.","1"
"6","الخسوف يشكل السبب الأساسي لأداء المسلمين صلاة خاصة تسمى صلاة الخسوف.","1"
"6","صلاة الخسوف تُؤدي كاستجابة لحدوث الظاهرة الفلكية المعروفة بالخسوف.","1"
"6","أداء صلاة الخسوف يكون بسبب حدوث الخسوف.","1"
"6","الكسوف يُعَدُّ سببًا لأداء المسلمين صلاة الكسوف.","1"
"6","إقامة صلاة الكسوف تعكس احترام المسلمين للظواهر الفلكية.","1"
"6","حدوث كسوف للشمس يستدعي المسلمين لأداء صلاة الكسوف.","1"
"6","صلاة الكسوف تعبر عن انتماء المسلمين للدين في وجه ظاهرة الكسوف.","1"
"6","الكسوف يُعَدُّ سببًا لأداء صلاة الكسوف عند المسلمين.","1"
"6","حدوث كسوف للشمس يستدعي المسلمين لأداء صلاة الكسوف.","1"
"6","صلاة الكسوف تُؤدي بنية النفل وتُظهِر الالتزام الديني في وجه الكسوف.","1"
"6","الكسوف يُعَدُّ فرصة لأداء صلاة الكسوف بتأمل و خشوع.","1"
"6","في حالة حدوث كسوف للشمس، يُدير المسلمون صلاة الكسوف بتقدير و دينية.","1"
"6","صلاة الخسوف بسبب خسوف القمر ","1"
"6","عندما يحدث خسوف للقمر، يُؤدي المسلمون صلاة الخسوف.","1"
"6","صلاة الخسوف تُقام عندما يحدث خسوف للقمر.","1"
"6","إقامة صلاة الخسوف تعتمد على حدوث خسوف للقمر.","1"
"6","حدوث خسوف للقمر يستوجب أداء صلاة الخسوف.","1"
"6","في حالة حدوث خسوف للقمر، يُدير المسلمون صلاة الخسوف.","1"
"6","صلاة الخسوف تُؤدي كنوع من أنواع العبادة عندما يحدث خسوف للقمر.","1"
"6","حدوث خسوف للقمر يستدعي المسلمين لأداء صلاة الخسوف.","1"
"6","صلاة الخسوف تُعبِّر عن التقدير و الشكر لله في وجه ظاهرة الخسوف.","1"
"6","عندما يحدث خسوف للقمر، يُخصِّص وقت لأداء صلاة الخسوف.","1"
"6","حدوث خسوف للقمر يستدعي المسلمين لأداء صلاة الخسوف.","1"
"6","صلاة الخسوف تُؤدي بنية النفل في وجه ظاهرة الخسوف.","1"
"6","الخسوف يُعَدُّ سببًا لأداء المسلمين صلاة الخسوف.","1"
"6","إقامة صلاة الخسوف تعكس احترام المسلمين للظواهر الفلكية.","1"
"6","حدوث خسوف للقمر يستدعي المسلمين لأداء صلاة الخسوف.","1"
"6","صلاة الخسوف تعبر عن انتماء المسلمين للدين في وجه ظاهرة الخسوف.","1"
"6","الخسوف يُعَدُّ سببًا لأداء صلاة الخسوف عند المسلمين.","1"
"6","حدوث خسوف للقمر يستدعي المسلمين لأداء صلاة الخسوف.","1"
"6","صلاة الخسوف تُؤدي بنية النفل وتُظهِر الالتزام الديني في وجه الخسوف.","1"
"6","الخسوف يُعَدُّ فرصة لأداء صلاة الخسوف بتأمل و خشوع.","1"
"6","في حالة حدوث خسوف للقمر، يُدير المسلمون صلاة الخسوف بتقدير ودينية.","1"
"6","عندما يحدث كسوف للشمس و خسوف للقمر، يُؤدي المسلمون صلاة الكسوف و الخسوف.","2"
"6","صلاة الكسوف و الخسوف تُقام عندما يحدث كسوف للشمس و خسوف للقمر.","2"
"6","إقامة صلاة الكسوف و الخسوف تعتمد على حدوث كسوف للشمس و خسوف للقمر.","2"
"6","حدوث كسوف للشمس و خسوف للقمر يستوجب أداء صلاة الكسوف و الخسوف.","2"
"6","في حالة حدوث كسوف للشمس و خسوف للقمر، يُدير المسلمون صلاة الكسوف و الخسوف.","2"
"6","صلاة الكسوف و الخسوف تُؤدي كنوع من أنواع العبادة عندما يحدث كسوف للشمس و خسوف للقمر.","2"
"6","حدوث كسوف للشمس و خسوف للقمر يستدعي المسلمين لأداء صلاة الكسوف و الخسوف.","2"
"6","صلاة الكسوف و الخسوف تُعبِّر عن التقدير والشكر لله في وجه ظاهرتي الكسوف و الخسوف.","2"
"6","عندما يحدث كسوف للشمس و خسوف للقمر، يُخصِّص وقت لأداء صلاة الكسوف و الخسوف.","2"
"6","حدوث كسوف للشمس و خسوف للقمر يستدعي المسلمين لأداء صلاة الكسوف و الخسوف.","2"
"6","صلاة الكسوف و الخسوف تُؤدي بنية النفل في وجه ظاهرتي الكسوف و الخسوف.","2"
"6","الكسوف و الخسوف يُعَدُّان سببًا لأداء المسلمين صلاة الكسوف و الخسوف.","2"
"6","إقامة صلاة الكسوف و الخسوف تعكس احترام المسلمين للظواهر الفلكية.","2"
"6","حدوث كسوف للشمس و خسوف للقمر يستدعي المسلمين لأداء صلاة الكسوف و الخسوف.","2"
"6","صلاة الكسوف و الخسوف تعبر عن انتماء المسلمين للدين في وجه ظاهرتي الكسوف و الخسوف.","2"
"6","الكسوف و الخسوف يُعَدُّان سببًا لأداء صلاة الكسوف و الخسوف عند المسلمين.","2"
"6","حدوث كسوف للشمس و خسوف للقمر يستدعي المسلمين لأداء صلاة الكسوف و الخسوف.","2"
"6","صلاة الكسوف و الخسوف تُؤدي بنية النفل وتُظهِر الالتزام الديني في وجه الكسوف و الخسوف.","2"
"6","الكسوف و الخسوف يُعَدُّان فرصة لأداء صلاة الكسوف و الخسوف بتأمل و خشوع.","2"
"6","في حالة حدوث كسوف للشمس و خسوف للقمر، يُدير المسلمون صلاة الكسوف و الخسوف بتقدير ودينية.","2"
"6","ليس هناك صلاة معينة","0"
"6","الكسوف و الخسوف","1"
"6","صلاة الكسوف و الخسوف","1"
"6","حدوث كسوف للشمس أو خسوف للقمر","1"
"6","عندما يحدث كسوف للشمس أو خسوف للقمر","1"
"6","حدوث كسوف للشمس أو خسوف للقمر","1"
"6","لا يوجد نوع محدد من الصلاة","0"
"6","صلاة الظهر","0"
"6","لا يوجد","0"
"6","سببًا لأداء صلاة الظهر عند المسلمين.","0"
"6","الظهر يُعَدُّ فرصة لأداء صلاة الظهر  بتأمل و خشوع.","0"
"6","العصر يُعَدُّ فرصة لأداء صلاة العصر بتأمل و خشوع.","0"
"6","المغرب يُعَدُّ فرصة لأداء صلاة المغرب بتأمل و خشوع.","0"
"6","الصبح يُعَدُّ فرصة لأداء صلاة الصبح بتأمل و خشوع.","0"
"6","يُدير المسلمون صلاة الاستسقاء بتقدير و دينية.","0"
"6","الفجر و الصبح يُعَدُّان سببًا لأداء المسلمين صلاة الصبح.","0"
"6","صلاة عيد الفطر و عيد الأضحى","0"
"6","صلاة العصر","0"
"6","صلاة المغرب","0"
"6","صلاة العشاء","0"
"6","صلاة الصبح","0"
"6","صلاة الفجر","0"
"6","صلاة الجنازة","0"
"6","صلاة الاستسقاء","0"
"6","صلاة الجمعة","0"
"6","صلاة نافلة الليل","0"
"6","صلاة النوافل","0"
"6","الصلاة المنذورة","0"
"6","صلاة العيدين","0"
"6","صلاة الوتر","0"
"6","صلاة الاستخارة","0"
"6","صلاة الكسوفَين","1"
"6","صلاة القيام","0"
"7","لُقِب بذي النُّورين؛ وذلك لأنَّه تزوَّج ابنتين من بنات رسول الله -صلّى الله عليه و سلّم- هما: رقيَّة و أمُّ كلثوم","2"
"7","لُقِب بذي النُّورين وذلك لأنَّه تزوَّج ابنتين من بنات رسول الله صلّى الله عليه و سلّم هما: رقيَّة و أمُّ كلثوم","2"
"7","لُقِب بذي النُّورين وذلك لأنَّه تزوَّج ابنتين من بنات رسول الله صلّى الله عليه و سلّم هما رقيَّة و أمُّ كلثوم","2"
"7","لُقِب بذي النُّورين وذلك لأنَّه تزوَّج ابنتين من بنات رسول الله صلّى الله عليه و سلّم","2"
"7","لُقِب بذي النُّورين","1"
"7","ذي النُّورين","1"
"7","لقب ب ""ذو النورين"" نظرًا لزواجه من ابنتي رسول الله صلى الله عليه و سلم، رقية و أم كلثوم","2"
"7","عُرِفَ عثمان بن عفان بلقب ""ذو النورين"" بسبب تزويجه من ابنتي النبي محمد صلى الله عليه و سلم، رقية و أم كلثوم.","2"
"7","يُلَقَّب عثمان بن عفان بـ ""ذو النورين"" نظرًا لاختياره الحكيم في الزواج، حيث تزوَّج ابنتي رسول الله صلى الله عليه و سلم.","2"
"7","يُسَمَّى عثمان بن عفان بـ ""ذو النورين"" بسبب اختيار زوجاته، اللتين هما رقية و أم كلثوم","2"
"7","لُقِّب عثمان بـ ""ذو النورين"" بفضل زواجه الحكيم من ابنتي النبي صلى الله عليه و سلم، وهما رقية و أم كلثوم","2"
"7","يُشهَرُ بلقب ""ذو النورين"" عثمان بن عفان بسبب حظه الفريد في الزواج من ابنتي رسول الله صلى الله عليه و سلم","2"
"7","يعتبر عثمان بن عفان بـ ""ذو النورين"" بسبب اختياره الموفق في الارتباط بابنتي النبي صلى الله عليه و سلم، رقية و أم كلثوم","2"
"7","حاز عثمان بن عفان على لقب ""ذو النورين"" بفضل زواجه من ابنتي النبي محمد صلى الله عليه و سلم، رقية و أم كلثوم","2"
"7","يُدعى عثمان بن عفان بـ ""ذو النورين"" نتيجة اختياره المتأني في زواجه من بنات النبي صلى الله عليه و سلم","2"
"7","لُقِّب بـ ""ذو النورين"" بسبب رزانته وحكمته في اختياره زوجاته من بنات النبي صلى الله عليه و سلم.","2"
"7","عرِف عثمان بن عفان بلقب ""ذو النورين"" لأنه اختار زواجًا حكيمًا من ابنتي رسول الله صلى الله عليه و سلم","2"
"7","يُطلَق على عثمان بن عفان لقب ""ذو النورين"" نتيجة لحنكته في اختيار زوجاته، رقية و أم كلثوم.","2"
"7","يلقب عثمان بن عفان بـ ""ذو النورين"" بسبب زواجه الحكيم من ابنتي رسول الله صلى الله عليه و سلم.","2"
"7","يُلقَّب عثمان بن عفان بـ ""ذو النورين"" لأنه تميَّز بزواجه من ابنتي النبي صلى الله عليه و سلم.","2"
"7","يُعرَف عثمان بن عفان بـ ""ذو النورين"" بسبب اختياره زوجاته من بنات النبي صلى الله عليه و سلم.","2"
"7","حمل لقب ""ذو النورين"" عثمان بن عفان بسبب زواجه من ابنتي رسول الله صلى الله عليه و سلم، رقية و أم كلثوم","2"
"7","يُلْقَب بـ ""ذو النورين"" بفضل توجيه حكيم اختار فيه عثمان زواجه من ابنتي رسول الله صلى الله عليه و سلم.","2"
"7","يُسَمَّى عثمان بن عفان بـ ""ذو النورين"" بسبب زواجه من ابنتي رسول الله صلى الله عليه و سلم","2"
"7","يحمل لقب ""ذو النورين"" عثمان بن عفان نتيجة لاختياره الموفق في زواجه من ابنتي رسول الله","2"
"7","يحمل لقب ""ذو النورين"" نتيجة لاختياره الموفق في زواجه من ابنتي رسول الله","2"
"7","عثمان بن عفان -رضي الله عنه- اشتُهِرَ باسم ""ذي النورين"".","1"
"7","ذي النورين هو لُقَّب عثمان بن عفان -رضي الله عنه-.","1"
"7","لُقِّبَ عثمان بن عفان بـ ""ذي النورين"".","1"
"7","يُدْعَى عثمان بن عفان بلقب ""ذي النورين"".","1"
"7","ذي النورين هو اللُّقَب الشهير الذي حمله عثمان بن عفان.","1"
"7","يُلْقَب عثمان بن عفان بـ ""ذي النورين"" نتيجة زواجه من ابنتي رسول الله صلى الله عليه و سلم.","2"
"7","عثمان بن عفان رُغِبَ بـ ""ذي النورين"" بفعل زواجه من ابنتي النبي صلى الله عليه و سلم.","2"
"7","ذي النورين هو لَقَبٌ يُرَتَّبُ على عثمان بن عفان.","1"
"7","يَعْتَبرُ ""ذي النورين"" لقبًا مُعْتَرَفًا لعثمان بن عفان -رضي الله عنه-.","1"
"7","لُقِّبَ عثمان بن عفان بلقب ""ذي النورين"" لسبب زواجه من ابنتي رسول الله صلى الله عليه و سلم.","2"
"7","ذي النورين هو اللقب الذي أُطلِقَ على عثمان بن عفان -رضي الله عنه-.","1"
"7","يُشْهَرُ عثمان بن عفان بلقب ""ذي النورين"" بسبب زواجه من ابنتي النبي محمد صلى الله عليه و سلم.","2"
"7","لُقِّبَ عثمان بـ ""ذي النورين"" نتيجة تميُّزه بزواجه من رقية و أم كلثوم.","2"
"7","يُدْعَى ""ذي النورين"" لوصف عثمان بن عفان -رضي الله عنه-.","1"
"7","ذي النورين هو اللقب الشهير الذي حصل عليه عثمان بن عفان.","1"
"7","عثمان بن عفان -رضي الله عنه- أطلقَ عليه لقب ""ذي النورين"".","1"
"7","ذي النورين هو اللقب الذي حمله عثمان بن عفان بسبب زواجه من ابنتي رسول الله صلى الله عليه و سلم.","2"
"7","يلُقَّب عثمان بن عفان بـ ""ذي النورين"" نتيجة اختياره الحكيم في زواجه.","1"
"7","لُقِّبَ عثمان بن عفان بلقب ""ذي النورين"" بسبب زواجه الفاضل من ابنتي النبي صلى الله عليه و سلم.","2"
"7","لقب ذي النورين أتى لعثمان بن عفان نتيجة زواجه من ابنتي النبي صلى الله عليه وسلم.","2"
"7","حاز على لقب ذي النورين بفضل علاقته الزوجية مع رقية و أم كلثوم","2"
"7","عثمان بن عفان حاز على لقب ذي النورين بفضل تقديمه للزواج من رقية و ام كلثوم","2"
"7","عثمان بن عفان أُلقب بذي النورين نظرًا لزواجه من ابنتا رسول الله","2"
"7","عثمان بن عفان حاز على لقب ذي النورين لزواجه من رقية و ام كلثوم","2"
"7","الزواج من ابنتي رسول الله رقية و ام كلثوم","2"
"7","لانه تزوج من ابنتا رسول الله","2"
"7","بفضل زواجه من ابنتي النبي صلى الله عليه و سلم","2"
"7","سمي بذلك بسبب زواجه الحكيم من رقية و أم كلثوم.","2"
"7","تزوج من ابنتي الرسول","2"
"7","عثمان بن عفان نُلقب بذي النورين بسبب ارتباطه بزواجه من رقية و أم كلثوم بنت النبي صلى الله عليه وسلم.","2"
"7","ذي النورين هو لقب أُلقي على عثمان بن عفان بسبب زواجه من رقية و أم كلثوم بنت محمد صلى الله عليه وسلم.","2"
"7","لقب ذي النورين أُطلق على عثمان بن عفان نتيجة ارتباطه بزواجه من رقية وأم كلثوم ابنة النبي.","2"
"7","عثمان بن عفان حصل على لقب ذي النورين بسبب تزوجه من رقية وأم كلثوم ابنة النبي.","2"
"7","ذي النورين هو اللقب الذي حاز عليه عثمان بن عفان بسبب زواجه من رقية وأم كلثوم بنت محمد.","2"
"7","لقب ذي النورين أتى لعثمان بن عفان بفضل زواجه من رقية وأم كلثوم","2"
"7","عثمان بن عفان أصبح ذي النورين بسبب رباطه برقية وأم كلثوم","2"
"7","لقب ذي النورين يُظهر تألق عثمان بن عفان بعد زواجه من رقية وأم كلثوم ا","2"
"7","ذي النورين هو اللقب الذي ارتبط بعثمان بن عفان بسبب زواجه من رقية وأم كلثوم ابنة النبي صلى الله عليه وسلم.","2"
"7","لقب ذي النورين أُلقي على عثمان بن عفان بسبب رباطه بزواجه من رقية وأم كلثوم","2"
"7","عثمان بن عفان أصبح ذي النورين بعد زواجه من رقية وام كلثوم بنت النبي صلى الله عليه وسلم.","2"
"7","عثمان بن عفان حصل على لقب ذي النورين بسبب ارتباطه بزواجه من ابنتي النبي صلى الله عليه وسلم.","2"
"7","عثمان بن عفان أصبح ذي النورين بعد تكوينه أسرة مترابطة بعد زواجه من ابنتي النبي صلى الله عليه وسلم.","2"
"7","ذي النورين هو اللقب الذي حمله عثمان بن عفان نتيجة لزواجه من ابنتي النبي صلى الله عليه وسلم.","2"
"7","عثمان بن عفان نُلقب بـ ""ذي النورين"" بسبب ارتباطه بالزواج من ابنتي النبي صلى الله عليه وسلم.","2"
"7","لانه تزوج ب رقية و ام كلثوم","2"
"7","لزواجه من ابنتي الرسول محمد ص","2"
"7","لأنه تزوج ابنتي النبي صلى الله عليه وسلم","2"
"7","لأنه متزوج من ابنتي النبي صلى الله عليه وسلم: رقية و أم كلثوم","2"
"7","نتيجه لزواجه من ابنتي الرسول صلى الله عليه وسلم","2"
"7","نتيجه لزواجه من رقية و أم كلثوم","2"
"7","نتيجه لزواجه من ابنتي الرسول صلى الله عليه وسلم و هما رقية و أم كلثوم","2"
"7","ذي النورين هو اللقب الذي أطلق على عثمان بسبب زواجه من ابنتي رسول الله صلى الله عليه و سلم.","2"
"7","تزوَّج ابنتين من بنات رسول الله -صلّى الله عليه و سلّم- هما: رقيَّة و أمُّ كلثوم","1"
"7","زواجه -رضي الله عنه- من ابنتي رسول الله -صلى الله عليه و سلم-، رقية و أم كلثوم","1"
"7","حاز عثمان بن عفان على اللقب الشهير ""ذي النورين"".","1"
"7","ذي النورين هو لقب الشهرة الذي حصل عليه عثمان بن عفان.","1"
"7","عثمان بن عفان استحق اللقب الشهير ""ذي النورين"".","1"
"7","حمل عثمان بن عفان لقب ""ذي النورين"" بفضل إسهاماته البارزة.","1"
"7","ذي النورين هو اللقب الذي يُرتبط به عثمان بن عفان.","1"
"7","ارتبط اسم عثمان بن عفان بلقب ""ذي النورين"".","1"
"7","اشتهر عثمان بن عفان باسم ""ذي النورين"".","1"
"7","حقق عثمان بن عفان شهرة باسم ""ذي النورين"".","1"
"7","حمل الفارس عثمان بن عفان لقب ""ذي النورين"" بفضل إنجازاته المتميزة.","1"
"7","ذي النورين هو لقب يميِّز عثمان بن عفان عن غيره.","1"
"7","حاز عثمان بن عفان على لقب ""ذي النورين"" نتيجة تفوقه وإسهاماته.","1"
"7","ترتبط سمعة عثمان بن عفان بلقب ""ذي النورين"".","1"
"7","حمل الصحابي الجليل لقب ""ذي النورين"" بفضل أخلاقه الرفيعة.","1"
"7","اشتهر عثمان بن عفان بتسمية ""ذي النورين"" في التاريخ الإسلامي.","1"
"7","حقق عثمان بن عفان شهرة كبيرة باسم ""ذي النورين"".","1"
"7","ذي النورين هو اللقب الذي يُميِّز شخصية عثمان بن عفان.","1"
"7","توارثت الأجيال قصص عظيمة عن ""ذي النورين"" عثمان بن عفان.","1"
"7","بفضل أخلاقه الرفيعة، حُمِلَ الصحابي الجليل لقب ""ذي النورين"".","1"
"7","الصحابي الجليل حاز على لقب ""ذي النورين"" نتيجة لأخلاقه الرفيعة.","1"
"7","حُمِلَ الصحابي الجليل لقب ""ذي النورين"" بسبب تميُّزه في السلوك والأخلاق.","1"
"7","بفضل أخلاقه الرفيعة، حاز الصحابي الجليل على لقب ""ذي النورين"".","1"
"7","اللقب ""ذي النورين"" وُضِعَ بفضل الأخلاق الرفيعة للصحابي الجليل.","1"
"7","الصحابي الجليل حمل لقب ""ذي النورين"" بناءً على أخلاقه النبيلة.","1"
"7","حاز الصحابي الجليل على لقب ""ذي النورين"" نظرًا لرقي أخلاقه.","1"
"7","بسبب أخلاقه الرفيعة، وُصِفَ الصحابي الجليل بـ ""ذي النورين"".","1"
"7","اللقب ""ذي النورين"" يرتبط ارتباطًا وثيقًا بأخلاق الصحابي الجليل.","1"
"7","الصحابي الجليل حمل لقب ""ذي النورين"" نتيجة تقدير الناس لأخلاقه الحميدة.","1"
"7","بأخلاقه الرفيعة، حصل الصحابي الجليل على لقب ""ذي النورين"".","1"
"7","لقد حمل الصحابي الجليل لقب ""ذي النورين"" بفضل نزاهته وأخلاقه العالية.","1"
"7","اللقب ""ذي النورين"" يشير إلى الأخلاق الفاضلة التي كان يتحلى بها الصحابي الجليل.","1"
"7","بسبب أخلاقه الرفيعة و النبيلة، حاز الصحابي الجليل على لقب ""ذي النورين"".","1"
"7","اللقب ""ذي النورين"" يُظهِر الجانب الأخلاقي الرائع للصحابي الجليل.","1"
"7","حمل الصحابي الجليل لقب ""ذي النورين"" بسبب صفاته الأخلاقية الفريدة.","1"
"7","بأخلاقه الرفيعة، استحق الصحابي الجليل لقب ""ذي النورين"".","1"
"7","اللقب ""ذي النورين"" يعكس السمات الأخلاقية النبيلة للصحابي الجليل.","1"
"7","حاز الصحابي الجليل على لقب ""ذي النورين"" بفضل أخلاقه الفاضلة.","1"
"7","بسبب أخلاقه الرفيعة و النبيلة، وُصِفَ الصحابي الجليل بـ ""ذي النورين"".","1"
"7","بفضل إسهاماته البارزة، حاز عثمان بن عفان على لقب ""ذي النورين"".","1"
"7","اللقب ""ذي النورين"" كان لحمله عثمان بن عفان نتيجة إسهاماته البارزة.","1"
"7","حمل عثمان بن عفان لقب ""ذي النورين"" بناءً على جهوده البارزة.","1"
"7","بسبب إسهاماته البارزة، حُمِلَ عثمان بن عفان لقب ""ذي النورين"".","1"
"7","إن اللقب ""ذي النورين"" كان تقديرًا لإسهامات عثمان بن عفان البارزة.","1"
"7","حاز عثمان بن عفان على لقب ""ذي النورين"" نظرًا لتميُّزه في إسهاماته.","1"
"7","ذي النورين هو اللقب الذي حمله عثمان بن عفان بفضل إسهاماته البارزة.","1"
"7","إسهامات عثمان بن عفان البارزة جعلته يحمل لقب ""ذي النورين"".","1"
"7","حمل عثمان بن عفان لقب ""ذي النورين"" نتيجة للإسهامات البارزة التي قدمها.","1"
"7","بفضل إسهاماته البارزة، تم منح عثمان بن عفان لقب ""ذي النورين"".","1"
"7","ذي النورين هو اللقب الذي حاز عليه عثمان بن عفان بسبب إسهاماته البارزة.","1"
"7","حمل عثمان بن عفان لقب ""ذي النورين"" بفضل تألقه وإسهاماته الملحوظة.","1"
"7","بسبب إسهاماته البارزة، وُصِفَ عثمان بن عفان بـ ""ذي النورين"".","1"
"7","ذي النورين هو لقب عثمان بن عفان الذي اكتسبه بفضل إسهاماته البارزة.","1"
"7","حاز عثمان بن عفان على لقب ""ذي النورين"" بسبب إسهاماته المتميزة.","1"
"7","بتألقه و إسهاماته البارزة، حُمِلَ عثمان بن عفان لقب ""ذي النورين"".","1"
"7","إسهامات عثمان بن عفان البارزة كانت السبب في حصوله على لقب ""ذي النورين"".","1"
"7","بفضل جهوده البارزة، تم منح عثمان بن عفان لقب ""ذي النورين"".","1"
"7","ذي النورين هو اللقب الذي حمله عثمان بن عفان نتيجة لإسهاماته البارزة.","1"
"7","بسبب إسهاماته البارزة، تميَّز عثمان بن عفان بلقب ""ذي النورين"".","1"
"7","ذو النورين","1"
"7","بفضل جهوده البارزة، تم منح عثمان بن عفان لقب ذو النورين","1"
"7","ذو النورين هو لقبه","1"
"7","ذو النورين هو لقب عثمان بن عفان","1"
"7","ذو النورين هو اللقب الذي انتسب إليه عثمان بن عفان.","1"
"7","حمل عثمان بن عفان لقب ""ذو النورين"".","1"
"7","يُعتبر ""ذو النورين"" لقبًا يتبع عثمان بن عفان.","1"
"7","عثمان بن عفان استحق لقب ""ذو النورين"".","1"
"7","يُدعى عثمان بن عفان بـ ""ذو النورين"".","1"
"7","لُقِّبَ عثمان بن عفان بلقب ""ذو النورين"".","1"
"7","ذو النورين هو اللقب الذي حاز عليه عثمان بن عفان.","1"
"7","يحمل عثمان بن عفان لقب ""ذو النورين"" بفخر.","1"
"7","لُقِّبَ عثمان بن عفان بـ ""ذو النورين"" بسبب إسهاماته البارزة.","1"
"7","ذو النورين هو اللقب الذي يُمَيِّزُ عثمان بن عفان.","1"
"7","حمل عثمان بن عفان لقب ""ذو النورين"" نتيجة لتميُّزه في الخدمة.","1"
"7","يُرَتَّبُ عثمان بن عفان تحت لقب ""ذو النورين"".","1"
"7","ذو النورين هو لقب الشرف الذي تحمله شخصية عثمان بن عفان.","1"
"7","حاز عثمان بن عفان على لقب ""ذو النورين"" بسبب فضله.","1"
"7","يعبر لقب ""ذو النورين"" عن السمات المميزة لعثمان بن عفان.","1"
"7","حمل عثمان بن عفان لقب ""ذو النورين"" بفضل إرثه الرفيع.","1"
"7","ذو النورين هو اللقب الذي يميِّز شخصية عثمان بن عفان.","1"
"7","عثمان بن عفان يُدْعَى بـ ""ذو النورين"" نظرًا لمكانته العالية.","1"
"7","ذو النورين هو لقب يرتبط بشرف وتقدير لعثمان بن عفان.","1"
"7","عثمان بن عفان لُقِبَ بـ ""ذي القوة""","0"
"7","لم يكن لدى عثمان بن عفان أي لقب يُعْرَف به، و كان مجرد صحابي.","0"
"7","عثمان بن عفان لم يُشتهر بأي لقب خاص، بل كان مجرد من أصحاب النبي.","0"
"7","لم يُلْقَب عثمان بن عفان بأي لقب مميز، بل كان جزءًا من أصحاب رسول الله.","0"
"7","كان عثمان بن عفان من الصحابة و لكن لم يتمتع بلقب يُعْرَف به بشكل خاص.","0"
"7","عثمان بن عفان كان ضمن الصحابة الذين لم يكن لديهم لقب خاص أو تميُّز.","0"
"7","لم يكن لعثمان بن عفان أي لقب مميز يُعرَف به، بل كان فقط من أصحاب النبي.","0"
"7","عثمان بن عفان لم يتمتع بأي لقب مميز، و كان جزءًا من جماعة الصحابة.","0"
"7","كان عثمان بن عفان من الصحابة الذين لم يُلْقَبوا بأية لقب خاصة بهم.","0"
"7","لا كان لعثمان بن عفان لقب محدد، و كان جزءًا من جماعة الصحابة.","0"
"7","عثمان بن عفان كان صحابيًا بلا لقب مميز يُعْرَف به.","0"
"7","لم يحمل عثمان بن عفان أي لقب شهير، بل كان صحابيًا عاديًا.","0"
"7","عثمان بن عفان لم يُلْقَب بـ ""ذي النورين"" أو أي لقب آخر، بل كان صحابياً عادياً.","0"
"7","كان عثمان بن عفان صحابيًا بلا لقب فردي يُعرَف به.","0"
"7","لم يكن عثمان بن عفان له لقب مميز يميِّزه عن بقية الصحابة.","0"
"7","لم يكن لعثمان بن عفان أي لقب تميُّزي يُعْرَف به.","0"
"7","كان عثمان بن عفان صحابياً بسيطاً لم يكتسب أي لقب شهير.","0"
"7","لم يكن لديه عثمان بن عفان أي لقب يُميِّزه في صفوف الصحابة.","0"
"7","عثمان بن عفان كان من الصحابة العاديين، بدون لقب خاص به.","0"
"7","لم يُعْطَ عثمان بن عفان لقبًا خاصًا، و كان فقط من الصحابة.","0"
"7","كان عثمان بن عفان صحابيًا بدون أي لقب يُشتهَر به.","0"
"7","لم يُلْقَب عثمان بن عفان بأي لقب فردي، بل كان جزءًا من جماعة الصحابة.","0"
"7","لُقِّب عثمان بن عفان بـ ""ذي القوة"".","0"
"7","حمل عثمان بن عفان لقب ""ذي القوة"" نتيجة لإسهاماته البارزة.","0"
"7","عثمان بن عفان استحق لقب ""ذي القوة"" بسبب تألقه في العديد من المجالات.","0"
"7","ذي القوة هو اللقب الذي يُعبر عن عزم وتحديات عثمان بن عفان.","0"
"7","حاز عثمان بن عفان على لقب ""ذي القوة"" بفضل قيادته القوية.","0"
"7","بسبب قوته و إرادته، حمل عثمان بن عفان لقب ""ذي القوة"".","0"
"7","ذي القوة هو اللقب الذي يُعبر عن عزم و تحديات عثمان بن عفان.","0"
"7","بسبب قوته و تأثيره، حمل عثمان بن عفان لقب ""ذي القوة"".","0"
"7","لقب ""ذي القوة"" يُظهِر القوة الروحية و الشخصية لعثمان بن عفان.","0"
"7","ذي القوة هو اللقب الذي يُعبِّر عن القوة الشخصية و الروحية لعثمان بن عفان.","0"
"7","ذي القوة هو اللقب الذي يُلقَب به عثمان بن عفان بناءً على قوته الشخصية.","0"
"7","ذي القوة هو لقب يُظهِر القوة والتأثير الذي يحمله عثمان بن عفان.","0"
"7","لُقِبَ عثمان بن عفان بـ ""ذي القوة"" بسبب صلابته وتصميمه.","0"
"7","عثمان بن عفان لُقِبَ بـ ""ذي الفضل""","0"
"7","لم يُلْقَب عثمان بن عفان بأي لقب، بل كان يُعرَف بـ ""الصادق"".","0"
"7","لم يكن لدى عثمان بن عفان أي لقب يُعْرَف به، بل كان يلقب بـ ""العدل"".","0"
"7","بـ ""الحكيم"".","0"
"7","حمل عثمان بن عفان لقب ""ذي القوة"" بفضل حكمته السياسية.","0"
"7"," بـ ""العدل""","0"
"7","اشتهر بـ ""الأمين""","0"
"7","عثمان بن عفان اشتهر بـ ""الأمين"".","0"
"7","الأمين هو اللقب الذي أُلْقِبَ به عثمان بن عفان.","0"
"7","حاز عثمان بن عفان على لقب ""الأمين"" بفضل نزاهته و أمانته.","0"
"7","بسبب أخلاقه النبيلة، حمل عثمان بن عفان لقب ""الأمين"".","0"
"7","عثمان بن عفان استحق لقب ""الأمين"" بفضل أخلاقه الرفيعة.","0"
"7","الأمين هو لقب يعبِّر عن النزاهة والثقة التي كان يحظى بها عثمان.","0"
"7","الأمين هو لقب يميِّز الصحابي الجليل عثمان بن عفان.","0"
"7","حاز عثمان بن عفان على لقب ""الأمين"" بسبب صدقه و أمانته.","0"
"7","الأمين هو اللقب الذي يرتبط بالتقوى و النزاهة لعثمان بن عفان.","0"
"7","بسبب حسن سيرته و نقاء نيته، أُطلِقَ على عثمان لقب ""الأمين"".","0"
"7","الأمين هو لقب يُظهِر تقوى و نقاء قلب عثمان بن عفان.","0"
"7","حاز عثمان بن عفان على لقب ""الأمين"" بفضل تفانيه في خدمة المجتمع.","0"
"7","الأمين هو لقب يشير إلى شخصية عثمان بن عفان و نزاهته.","0"
"7","بسبب تفانيه في الأعمال الخيرية، اشتهر عثمان بلقب ""الأمين"".","0"
"7","حمل عثمان بن عفان لقب ""الأمين"" بسبب إخلاصه و أمانته.","0"
"7","الأمين هو اللقب الذي يرتبط بالنزاهة و الأمانة لعثمان بن عفان.","0"
"7","حصل عثمان بن عفان على لقب ""الأمين"" بفضل تقدير الناس لأخلاقه الفاضلة.","0"
"7","الأمين هو لقب يميِّز عثمان بن عفان بفضل نزاهته و ثقته المستمرة.","0"
"7","الإمام","0"
"7","ذي الفضل","0"
"7","لم يُلْقَب عثمان بن عفان بأي لقب، بل كان يُعرَف بـ ""الصادق"".","0"
"7","الخليفة","0"
"7","الخليفة الراشد","0"
"7","الصحابي الجليل","0"
"7","كان يُعْرَف بـ ""الكريم""","0"
"7","الفاروق","0"
"7"," اشتهر بـ ""الأمير""","0"
"7","الخليفة الأمير","0"
"8","خوف قريش على عاداتها و آلهتها من الزوال و تعاون الأنصار مع النبي -صلى الله عليه و سلم- و صحبه في المدينة بعد الهجرة و خوف قريش على قوافلهم التجارية","2"
"8","قريش تشعر بالقلق إزاء استمرار عاداتها و آلهتها في مواجهة التحول.","1"
"8","خوف قريش ينبع من التهديد المتزايد لعاداتها و آلهتها.","1"
"8","قوم قريش يعانون من القلق إزاء تلاشي عاداتهم التقليدية و عبادتهم.","1"
"8","تزداد المخاوف في قلوب قريش بسبب التغييرات الكبيرة في المدينة.","1"
"8","خوف قريش يتسارع نتيجة لتعاون الأنصار مع النبي -صلى الله عليه و سلم- في المدينة.","1"
"8","القلق يسيطر على قلوب قريش بسبب تعاون الأنصار مع النبي -صلى الله عليه و سلم- في المدينة.","1"
"8","تزايد الخوف في صفوف قريش بسبب انضمام الأنصار إلى النبي -صلى الله عليه و سلم- في المدينة.","1"
"8","قوم قريش يواجهون تحديات كبيرة بسبب تعاون الأنصار مع النبي -صلى الله عليه و سلم-.","1"
"8","الهجرة وتعاون الأنصار يضعان قريش في حالة من القلق و التوتر.","1"
"8","خوف قريش يتسارع بسبب تكاتف المسلمين مع النبي -صلى الله عليه و سلم-.","1"
"8","تزداد المخاوف في قلوب قريش بسبب تحالف الأنصار مع النبي -صلى الله عليه و سلم-.","1"
"8","قريش تشعر بالتوتر و القلق نتيجة لتعاون الأنصار مع النبي -صلى الله عليه و سلم-.","1"
"8","خوف قريش يتسارع مع استمرار تعاون الأنصار مع النبي -صلى الله عليه و سلم-.","1"
"8","قوم قريش يخشون على استقرارهم وعاداتهم بسبب التحالفات المتزايدة مع المسلمين.","1"
"8","القلق ينتاب قريش بسبب التحولات الكبيرة التي تحدث في المدينة.","1"
"8","تتسارع المخاوف في صفوف قريش بسبب التحول الديني و الاقتصادي.","1"
"8","قريش تخشى على قوافلها التجارية من التأثيرات السلبية لتحالف المسلمين.","1"
"8","تزايد الهموم في قلوب قريش بسبب تحول القوى الاقتصادية و الدينية في المدينة.","1"
"8","قريش تواجه تحديات جديدة و تخشى من تأثير تحالف المسلمين على حياتهم.","1"
"8","خوف قريش يتزايد مع استمرار التحالفات الدينية و الاقتصادية المتغيرة.","1"
"8","تعاون الأنصار مع النبي -صلى الله عليه و سلم- و صحبه في المدينة كانت أحد أسباب غزوة بدر.","1"
"8","أحد أسباب غزوة بدر كان تعاون الأنصار مع النبي -صلى الله عليه و سلم- و صحبه في المدينة.","1"
"8","غزوة بدر نشأت بسبب تعاون الأنصار مع النبي -صلى الله عليه و سلم- و صحبه في المدينة.","1"
"8","تعاون الأنصار مع النبي -صلى الله عليه و سلم- و صحبه في المدينة كان جزءًا من أسباب غزوة بدر.","1"
"8","أحد العو أمل التي أدت إلى غزوة بدر كانت تعاون الأنصار مع النبي -صلى الله عليه و سلم- و صحبه في المدينة.","1"
"8","تعاون الأنصار مع النبي -صلى الله عليه و سلم- و صحبه في المدينة كانت إحدى الأسباب التي أدت إلى غزوة بدر.","1"
"8","تعاون الأنصار مع النبي -صلى الله عليه و سلم- و صحبه في المدينة كان جزءًا من سبب غزوة بدر.","1"
"8","غزوة بدر نشأت بفعل تعاون الأنصار مع النبي -صلى الله عليه و سلم- و صحبه في المدينة.","1"
"8","تعاون الأنصار مع النبي -صلى الله عليه و سلم- و صحبه في المدينة كانت سببًا في حدوث غزوة بدر.","1"
"8","أحد أسباب غزوة بدر كان تعاون الأنصار مع النبي -صلى الله عليه و سلم- و صحبه في المدينة.","1"
"8","تعاون الأنصار مع النبي -صلى الله عليه و سلم- و صحبه في المدينة كانت إحدى الأسباب التي دفعت قريش لمواجهة المسلمين.","1"
"8","تعاون الأنصار مع النبي -صلى الله عليه و سلم- و صحبه في المدينة ساهم في إشعار قريش بالتهديد الذي قد يؤدي إلى زوال عاداتهم و آلهتهم.","1"
"8","أحد أسباب غزوة بدر كان تعاون الأنصار مع النبي -صلى الله عليه و سلم- و صحبه في المدينة.","1"
"8","تعاون الأنصار مع النبي -صلى الله عليه و سلم- و صحبه في المدينة كانت جزءًا من الظروف التي أدت إلى حدوث غزوة بدر.","1"
"8","تعاون الأنصار مع النبي -صلى الله عليه و سلم- و صحبه في المدينة كانت إحدى الدوافع لإقامة غزوة بدر.","1"
"8","غزوة بدر نشأت بفعل تعاون الأنصار مع النبي -صلى الله عليه و سلم- و صحبه في المدينة.","1"
"8","تعاون الأنصار مع النبي -صلى الله عليه و سلم- و صحبه في المدينة كانت جزءًا من السياق الذي أدى إلى إقامة غزوة بدر.","1"
"8","تعاون الأنصار مع النبي -صلى الله عليه و سلم- و صحبه في المدينة كان جزءًا من الأحداث التي أدت إلى حدوث غزوة بدر.","1"
"8","تعاون الأنصار مع النبي -صلى الله عليه و سلم- و صحبه في المدينة كانت إحدى الأسباب التي أشعلت نيران","1"
"8","تعاون الأنصار مع النبي صلى الله عليه وسلم في المدينة كان أساسًا لنجاح الدعوة الإسلامية و خوف قريش على عاداتها و آلهتها","2"
"8","تعاون الأنصار مع النبي صلى الله عليه وسلم و خوف قريش على عاداتها و آلهتها.","2"
"8","تحقق التعاون الوثيق بين الأنصار والنبي صلى الله عليه وسلم نهضةً اجتماعية ودينية في المدينة و خوف قريش على عاداتها و آلهتها","2"
"8","كان تعاون الأنصار مع النبي صلى الله عليه وسلم في المدينة نموذجًا للتفاعل الإيجابي والتآلف و خوف قريش على عاداتها و آلهتها","2"
"8","تعاون الأنصار مع النبي صلى الله عليه وسلم في المدينة حقق مخاوف قريش على عاداتها و آلهتها وعزّز مكانة الإسلام.","2"
"8","التضافر بين الأنصار والنبي صلى الله عليه وسلم و خوف قريش على عاداتها و آلهتها","2"
"8","تعاون الأنصار مع النبي صلى الله عليه وسلم أثر و خوف قريش على عاداتها و آلهتها","2"
"8","كان تعاون الأنصار في المدينة عاملًا رئيسيًا و خوف قريش على عاداتها و آلهتها","2"
"8","تعاون الأنصار مع النبي صلى الله عليه وسلم في المدينة شكّل نقطة تحول و خوف قريش على عاداتها و آلهتها","2"
"8","خوف قريش على عاداتها وآلهتها زاد بسبب تعاون الأنصار والنبي صلى الله عليه وسلم.","2"
"8","قريش تخشى على هيبتها وعاداتها و آلهتها من تأثير تعاون الأنصار مع النبي.","2"
"8","خوف قريش من فقدان سيطرتها وعلى عاداتها و آلهتها على المجتمع و تعاون الأنصار مع النبي صلى الله عليه وسلم","2"
"8","قوة تحالف الأنصار مع النبي صلى الله عليه وسلم كانت سببًا لقلق قريش الشديد على هيبتها وعاداتها و آلهتها","2"
"8","تعاون الأنصار مع النبي في المدينة أثر في قريش و جعلها تخشى على هيبتها وعاداتها و آلهتها","2"
"8","تعاون الأنصار مع النبي صلى الله عليه وسلم في المدينة جعل قريش تخشى على عاداتها و آلهتها","2"
"8"," نتيجة تعاون الأنصار مع النبي سببًا لقلق قريش الشديد على هيبتها وعاداتها و آلهتها","2"
"8","كان تعاون الأنصار مع النبي يعكس قلق قريش الشديد على هيبتها وعاداتها و آلهتها","2"
"8","خوف قريش على تأثيرها وعاداتها و آلهتها دفعها لمواجهة تحدي تعاون الأنصار مع النبي","2"
"8","تعاون الأنصار مع النبي صلى الله عليه وسلم كان له تأثير كبير في خوف قريش على تأثيرها وعاداتها و آلهتها","2"
"8","تضاف الدعم الكبير من الأنصار إلى خوف قريش من تغييرات على عاداتها و آلهتها وهدا بسبب تعاون بين الانصار و النبي","2"
"8","كانت روح التضامن بين الأنصار والمسلمين تزيد من قلق قريش مما جعلها تخاف على عاداتها و آلهتها","2"
"8","تعاون الأنصار مع النبي صلى الله عليه وسلم في المدينة شكّل تحديًا لقوة قريش مما جعلها تخاف على عاداتها و آلهتها","2"
"8","خوف قريش على عاداتها و آلهتها بعد التعاون بين المسلمين و الانصار","2"
"8","كان تعاون الأنصار وتضامنهم مع النبي صلى الله عليه وسلم يثير القلق في أوساط قريش خائفين على عاداتهم و آلهتهم","2"
"8","تعاون الأنصار وتكاتفهم مع النبي صلى الله عليه وسلم أربك قريش على عاداتهم و آلهتهم","2"
"8","خوف قريش على مكانتها الدينية و عاداتها و آلهتها زاد بسبب التعاون الفعّال بين الأنصار والنبي.","2"
"8","تعاون الأنصار مع المسلمين و خوف ال قريش على الالهة و العادات","2"
"8","تعاونت الأنصار مع المسلمين، وخافت قريش على آلهتهم وعاداتهم.","2"
"8","الأنصار تعاونوا بفعالية مع المسلمين، في حين أُثِرَ خوف قريش على آلهتها وعاداتها.","2"
"8","تعاون الأنصار مع النبي -صلى الله عليه و سلم- في المدينة،و خوف قريش على عاداتها و آلهتها.","2"
"8","وحدة المسلمين وتكاملهم مع النبي -صلى الله عليه و سلم-، و خشية قريش من تأثير هذه الوحدة.","2"
"8","قوة القيادة والتوجيه التي قدمها النبي -صلى الله عليه و سلم-،و خوف قريش من نفوذه و تأثيره.","2"
"8","تضاف الدعم الكبير من الأنصار،و خوف قريش من فقدان سيطرتها الاجتماعية و الدينية.","2"
"8","التوحيد القوي بين المسلمين وتماسكهم، و الهلع الذي أصاب قريش من تهديد لآلهتها.","2"
"8","التضاف الثقة الكبيرة بين المؤمنين و النبي -صلى الله عليه و سلم-،و خوف قريش من تغيير النظام الاجتماعي.","2"
"8","الانتهاكات المستمرة للمسلمين من قبل قريش، و رغبة النبي -صلى الله عليه و سلم- في حماية المسلمين.","2"
"8","الرغبة في حماية المسلمين كانت ناتجة عن الانتهاكات المستمرة التي تعرضوا لها من قبل قريش.","1"
"8","تحفيز النبي -صلى الله عليه و سلم- لحماية المسلمين جاء نتيجة للاستمرار في انتهاك حقوقهم من قبل قريش.","1"
"8","الانتهاكات المتكررة التي تعرض لها المسلمون كانت سببًا لرغبة النبي -صلى الله عليه و سلم- في حمايتهم.","1"
"8","حاجة المسلمين للحماية نشأت بسبب الانتهاكات المستمرة التي كانوا يتعرضون لها من قبل قريش.","1"
"8","الرغبة في حماية المسلمين كانت تفاعلًا مع الانتهاكات المستمرة التي كانت قريش ترتكبها.","1"
"8","الانتهاكات المتواصلة للمسلمين تسببت في رغبة النبي -صلى الله عليه و سلم- في حمايتهم.","1"
"8","حاجة النبي -صلى الله عليه و سلم- في حماية المسلمين نشأت بسبب استمرار الظلم و الاضطهاد من قبل قريش.","1"
"8","الرغبة في حماية المسلمين كانت نتيجة للاستمرار في الانتهاكات و التجاوزات من قبل قريش.","1"
"8","الرغبة في حماية المسلمين كانت ردًا على الانتهاكات المستمرة و التمييز الذي كانوا يواجهونهم.","1"
"8","لم يشاركوا بأي فعالية مع المسلمين، و كانوا غير مهتمين بالدعوة الإسلامية.","0"
"8","خلافًا للتصريح، لم يثر خوف قريش بسبب تعاون الأنصار مع المسلمين.","0"
"8","الأنصار كانوا عازمين على عرقلة الجهود المسلمة و لم يساهموا بأي شكل من الأشكال.","0"
"8","في الحقيقة، كانت قريش ممتنة لتعاون الأنصار و لم تشعر بأي خوف من تأثير الإسلام","0"
"8","لم يشعر أحد في قريش بأي تأثير لتعاون مع المسلمين.","0"
"8","المشاكل في مكة ","0"
"8","الحرب التي اقيمت بسبب هجوم قريش على المسلمين","0"
"8","نتيجة للنزاع الناشب بسبب هجوم قريش على المسلمين.","0"
"8","نتيجة للنزاع الذي نشب نتيجة هجوم قريش على المسلمين.","0"
"8","خوف قريش من الهزيمة","0"
"8","خوف قريش من الهزيمة بسبب التعاون","0"
"8","قلق قريش من تكبد الخسائر بسبب التعاون.","0"
"8","قلق قريش من الخسائر بسبب التعاون الناتج عن الغزوة السابقة","0"
"8","قلق قريش بسبب التعاون و الخسائر الناتجة عن الهجوم السابق.","0"
"8","بسبب الخسائر","0"
"8","حاجة النبي صلى الله عليه وسلم في تشجيع المسلمين","0"
"8","الرغبة في التعاون مع قريش","0"
"8","الاستمرار في الظلم","0"
"8","الحرب في المدينة احد اسباب الغزوة","0"
"8","الحرب بين المسلمين","0"
"8","الشرك بالله","0"
"9","رغبة قبيلة قريش في الانتقام من الرسول -صلى الله عليه و سلم- و الصحابة -رضي الله عنهم- بعد أن تغلّبوا عليهم في غزوة بدر","2"
"9","عانت قبيلة قريش من شدة الرغبة في الانتقام من الرسول -صلى الله عليه و سلم- و الصحابة -رضي الله عنهم- بسبب هزيمتهم في غزوة بدر.","2"
"9","كانت رغبة قريش في الانتقام من الرسول -صلى الله عليه و سلم- و الصحابة -رضي الله عنهم- قوية بعد هزيمتهم في معركة بدر.","2"
"9","بعد فشل قريش في غزوة بدر، أصبحت لديهم رغبة قوية في الانتقام من الرسول -صلى الله عليه و سلم- و الصحابة -رضي الله عنهم-.","2"
"9","همست قلوب قريش بالانتقام من الرسول -صلى الله عليه و سلم- و الصحابة -رضي الله عنهم- بعد هزيمتهم في معركة بدر.","2"
"9","كان لدى قريش رغبة شديدة في الانتقام من الرسول -صلى الله عليه و سلم- و الصحابة -رضي الله عنهم- بعد الهزيمة في غزوة بدر.","2"
"9","بعد هزيمة قريش في معركة بدر، ألمت قلوبهم بالرغبة في الانتقام من الرسول -صلى الله عليه و سلم- و الصحابة -رضي الله عنهم-.","2"
"9","اشتعلت نيران الرغبة في قلوب قريش للانتقام من الرسول -صلى الله عليه و سلم- و الصحابة -رضي الله عنهم- بعد فوزهم في غزوة بدر.","2"
"9","بعد هزيمتهم في معركة بدر، طالبت قريش بشدة بالانتقام من الرسول -صلى الله عليه و سلم- و الصحابة -رضي الله عنهم-.","2"
"9","نشبت في قلوب قريش نار الرغبة في الانتقام من الرسول -صلى الله عليه و سلم- و الصحابة -رضي الله عنهم- بسبب غزوة بدر.","2"
"9","بعد هزيمتهم في غزوة بدر، أصبحت لدى قريش رغبة شديدة في الانتقام من الرسول -صلى الله عليه و سلم- و الصحابة -رضي الله عنهم-.","2"
"9","كانت لدى قريش رغبة حادة في الانتقام من الرسول -صلى الله عليه و سلم- و الصحابة -رضي الله عنهم- بعد هزيمتهم في معركة بدر.","2"
"9","بعد فشلهم في معركة بدر، اشتعلت نيران الرغبة في قلوب قريش للانتقام من الرسول -صلى الله عليه و سلم- و الصحابة -رضي الله عنهم-.","2"
"9","بعد هزيمتهم في غزوة بدر، ألمت قلوب قريش بالرغبة في الانتقام من الرسول -صلى الله عليه و سلم- و الصحابة -رضي الله عنهم-.","2"
"9","اشتدت رغبة قريش في الانتقام من الرسول -صلى الله عليه و سلم- و الصحابة -رضي الله عنهم- بعد فوز المسلمين في غزوة بدر.","2"
"9","بعد الهزيمة في معركة بدر، غمرت قريش رغبة قوية في الانتقام من الرسول -صلى الله عليه و سلم- و الصحابة -رضي الله عنهم-.","2"
"9","بعد هزيمتهم في غزوة بدر، أشعلت نيران الرغبة في قلوب قريش للانتقام من الرسول -صلى الله عليه و سلم- و الصحابة -رضي الله عنهم-.","2"
"9","ألمت قلوب قريش برغبة شديدة في الانتقام من الرسول -صلى الله عليه و سلم- و الصحابة -رضي الله عنهم- بعد غزوة بدر.","2"
"9","بعد فشل قريش في معركة بدر، تنفست رغبتهم في الانتقام من الرسول -صلى الله عليه و سلم- و الصحابة -رضي الله عنهم-.","2"
"9","كانت رغبة قريش في الانتقام من الرسول -صلى الله عليه و سلم- و الصحابة -رضي الله عنهم- قوية بعد هزيمتهم في معركة بدر.","2"
"9","بعد هزيمتهم في غزوة بدر، أصبحت لدى قريش رغبة شديدة في الانتقام من الرسول -صلى الله عليه و سلم- و الصحابة -رضي الله عنهم-.","2"
"9","كانت لدى قريش رغبة حادة في الانتقام من الرسول -صلى الله عليه و سلم- و الصحابة -رضي الله عنهم- بعد هزيمتهم في معركة بدر.","2"
"9","بعد فشلهم في معركة بدر، اشتعلت نيران الرغبة في قلوب قريش للانتقام من الرسول -صلى الله عليه و سلم- و الصحابة -رضي الله عنهم-.","2"
"9","بعد هزيمتهم في غزوة بدر، ألمت قلوب قريش بالرغبة في الانتقام من الرسول -صلى الله عليه و سلم- و الصحابة -رضي الله عنهم-.","2"
"9","اشتدت رغبة قريش في الانتقام من الرسول -صلى الله عليه و سلم- و الصحابة -رضي الله عنهم- بعد فوز المسلمين في غزوة بدر.","2"
"9","بعد الهزيمة في معركة بدر، غمرت قريش رغبة قوية في الانتقام من الرسول -صلى الله عليه و سلم- و الصحابة -رضي الله عنهم-.","2"
"9","بعد هزيمتهم في غزوة بدر، أشعلت نيران الرغبة في قلوب قريش للانتقام من الرسول -صلى الله عليه و سلم- و الصحابة -رضي الله عنهم-.","2"
"9","ألمت قلوب قريش برغبة شديدة في الانتقام من الرسول -صلى الله عليه و سلم- و الصحابة -رضي الله عنهم- بعد غزوة بدر.","2"
"9","بعد فشل قريش في معركة بدر، تنفست رغبتهم في الانتقام من الرسول -صلى الله عليه و سلم- و الصحابة -رضي الله عنهم-.","2"
"9","كانت رغبة قريش في الانتقام من الرسول -صلى الله عليه و سلم- و الصحابة -رضي الله عنهم- قوية بعد هزيمتهم في معركة بدر.","2"
"9","بعد هزيمتهم في غزوة بدر، أصبحت لدى قريش رغبة شديدة في الانتقام من الرسول -صلى الله عليه و سلم- و الصحابة -رضي الله عنهم-.","2"
"9","كانت لقبيلة قريش رغبة شديدة في الانتقام من الرسول -صلى الله عليه و سلم- و الصحابة -رضي الله عنهم-.","1"
"9","كانت رغبة قوية في قلوب أفراد قبيلة قريش للانتقام من الرسول -صلى الله عليه و سلم- و الصحابة -رضي الله عنهم-.","1"
"9","بعد هزيمتهم في معركة بدر، غمرت رغبة قريش في الانتقام من الرسول -صلى الله عليه و سلم- و الصحابة -رضي الله عنهم-.","1"
"9","كانت لدى قريش رغبة حادة في الانتقام من الرسول -صلى الله عليه و سلم- و الصحابة -رضي الله عنهم- بسبب هزيمتهم.","1"
"9","بعد فشلهم في معركة بدر، اشتعلت نيران الرغبة في قلوب قريش للانتقام من الرسول -صلى الله عليه و سلم- و الصحابة -رضي الله عنهم-.","1"
"9","بعد هزيمتهم في غزوة بدر، ألمت قلوب قريش بالرغبة في الانتقام من الرسول -صلى الله عليه و سلم- و الصحابة -رضي الله عنهم-.","1"
"9","اشتدت رغبة قريش في الانتقام من الرسول -صلى الله عليه و سلم- و الصحابة -رضي الله عنهم- بعد فوز المسلمين في غزوة بدر.","1"
"9","بعد الهزيمة في معركة بدر، غمرت قريش رغبة قوية في الانتقام من الرسول -صلى الله عليه و سلم- و الصحابة -رضي الله عنهم-.","1"
"9","بعد هزيمتهم في غزوة بدر، أشعلت نيران الرغبة في قلوب قريش للانتقام من الرسول -صلى الله عليه و سلم- و الصحابة -رضي الله عنهم-.","1"
"9","ألمت قلوب قريش برغبة شديدة في الانتقام من الرسول -صلى الله عليه و سلم- و الصحابة -رضي الله عنهم- بعد غزوة بدر.","1"
"9","بعد فشل قريش في معركة بدر، تنفست رغبتهم في الانتقام من الرسول -صلى الله عليه و سلم- و الصحابة -رضي الله عنهم-.","2"
"9","كانت رغبة قوية في قلوب أفراد قبيلة قريش للانتقام من الرسول -صلى الله عليه و سلم- و الصحابة -رضي الله عنهم-.","1"
"9","بعد هزيمتهم في معركة بدر، غمرت رغبة قريش في الانتقام من الرسول -صلى الله عليه و سلم- و الصحابة -رضي الله عنهم-.","2"
"9","كانت لدى قريش رغبة حادة في الانتقام من الرسول -صلى الله عليه و سلم- و الصحابة -رضي الله عنهم- بسبب هزيمتهم.","1"
"9","بعد فشلهم في معركة بدر، اشتعلت نيران الرغبة في قلوب قريش للانتقام من الرسول -صلى الله عليه و سلم- و الصحابة -رضي الله عنهم-.","2"
"9","بعد هزيمتهم في غزوة بدر، ألمت قلوب قريش بالرغبة في الانتقام من الرسول -صلى الله عليه و سلم- و الصحابة -رضي الله عنهم-.","2"
"9","اشتدت رغبة قريش في الانتقام من الرسول -صلى الله عليه و سلم- و الصحابة -رضي الله عنهم- بعد فوز المسلمين في غزوة بدر.","2"
"9","بعد الهزيمة في معركة بدر، غمرت قريش رغبة قوية في الانتقام من الرسول -صلى الله عليه و سلم- و الصحابة -رضي الله عنهم-.","2"
"9","بعد هزيمتهم في غزوة بدر، أشعلت نيران الرغبة في قلوب قريش للانتقام من الرسول -صلى الله عليه و سلم- و الصحابة -رضي الله عنهم-.","2"
"9","ألمت قلوب قريش برغبة شديدة في الانتقام من الرسول -صلى الله عليه و سلم- و الصحابة -رضي الله عنهم- بعد غزوة بدر.","2"
"9","بعد فشل قريش في معركة بدر، تنفست رغبتهم في الانتقام من الرسول -صلى الله عليه و سلم- و الصحابة -رضي الله عنهم-.","2"
"9","كانت رغبة قوية في قلوب أفراد قبيلة قريش للانتقام من الرسول -صلى الله عليه و سلم- و الصحابة -رضي الله عنهم-.","1"
"9","بعد هزيمتهم في معركة بدر، غمرت رغبة قريش في الانتقام من الرسول -صلى الله عليه و سلم- و الصحابة -رضي الله عنهم-.","2"
"9","كانت لدى قريش رغبة حادة في الانتقام من الرسول -صلى الله عليه و سلم- و الصحابة -رضي الله عنهم- بسبب هزيمتهم.","1"
"9","بعد فشلهم في معركة بدر، اشتعلت نيران الرغبة في قلوب قريش للانتقام من الرسول -صلى الله عليه و سلم- و الصحابة -رضي الله عنهم-.","2"
"9","بعد هزيمتهم في غزوة بدر، ألمت قلوب قريش بالرغبة في الانتقام من الرسول -صلى الله عليه و سلم- و الصحابة -رضي الله عنهم-.","2"
"9","اشتدت رغبة قريش في الانتقام من الرسول -صلى الله عليه و سلم- و الصحابة -رضي الله عنهم- بعد فوز المسلمين في غزوة بدر.","2"
"9","بعد الهزيمة في معركة بدر، غمرت قريش رغبة قوية في الانتقام من الرسول -صلى الله عليه و سلم- و الصحابة -رضي الله عنهم-.","2"
"9","بعد هزيمتهم في غزوة بدر، أشعلت نيران الرغبة في قلوب قريش للانتقام من الرسول -صلى الله عليه و سلم- و الصحابة -رضي الله عنهم-.","2"
"9","ألمت قلوب قريش برغبة شديدة في الانتقام من الرسول -صلى الله عليه و سلم- و الصحابة -رضي الله عنهم- بعد غزوة بدر.","2"
"9","الانتقام من الرسول -صلى الله عليه و سلم- و الصحابة -رضي الله عنهم- بسبب هزيمة قريش في غزوة بدر","2"
"9","بسبب هزيمة قريش في غزوة بدر","1"
"9","بسبب هزيمة قريش في معركة بدر، انقلبت الأوضاع ضدهم.","1"
"9","هزيمة قريش في غزوة بدر كانت سببًا في تغيير المشهد الحربي.","1"
"9","بسبب فشل قريش في غزوة بدر، تغيرت المعطيات العسكرية.","1"
"9","هزيمة قريش في معركة بدر أثرت على مواقفهم وقراراتهم.","1"
"9","بعد هزيمتهم في غزوة بدر، تأثرت قريش بشكل كبير.","1"
"9","بسبب الهزيمة القاسية في بدر، تحولت الأوضاع ضد قريش.","1"
"9","هزيمة قريش في معركة بدر سببت تغيرًا في ديناميات الصراع.","1"
"9","بسبب هزيمتهم في غزوة بدر، شعرت قريش بالفشل و الخسارة.","1"
"9","هزيمة قريش في مواجهة بدر أحدثت تأثيرًا كبيرًا على مستقبلهم.","1"
"9","بعد الهزيمة في غزوة بدر، تغيرت نظرة الناس إلى قوة قريش.","1"
"9","بسبب هزيمة قريش في معركة بدر، تفاقمت الأوضاع بالنسبة لهم.","1"
"9","هزيمة قريش في غزوة بدر ساهمت في تقويض مكانتهم.","1"
"9","بعد فشلهم في غزوة بدر، واجهت قريش تحديات كبيرة.","1"
"9","بسبب هزيمة قريش في مواجهة بدر، انخرطوا في تقييم دورهم.","1"
"9","هزيمة قريش في معركة بدر كانت صدمة كبيرة لهم.","1"
"9","بسبب الهزيمة في غزوة بدر، خسرت قريش الكثير.","1"
"9","هزيمة قريش في مواجهة بدر أثرت على معنوياتهم وثقتهم.","1"
"9","بسبب هزيمة قريش في غزوة بدر، كانوا مضطرين للتفكير في استراتيجيات جديدة.","1"
"9","هزيمة قريش في معركة بدر أدت إلى تأثيرات سلبية في صفوفهم.","1"
"9","بعد هزيمتهم في غزوة بدر، كانت لديهم ضغوطٌ كبيرة لتحسين أدائهم.","1"
"9","هزيمة قريش في معركة بدر كانت علامة على تغيير الأوضاع.","1"
"9","بسبب الخسارة في غزوة بدر، انخرطت قريش في حوار داخلي حول مستقبلهم.","1"
"9","هزيمة قريش في مواجهة بدر كانت نقطة تحول في تاريخهم.","1"
"9","بعد الهزيمة الكبيرة في غزوة بدر، أدركت قريش خطورة المواجهة مع المسلمين.","1"
"9","هزيمة قريش في معركة بدر دفعتهم لإعادة النظر في استراتيجيتهم العسكرية.","1"
"9","بسبب هزيمة قريش في غزوة بدر، شهدت الصفوف القريشية تبدلات هامة.","1"
"9","هزيمة قريش في مواجهة بدر كانت نقطة تحول حاسمة في تاريخهم.","1"
"9","بعد الهزيمة القاسية في غزوة بدر، تجاوزت قريش صعوبات عديدة.","1"
"9","هزيمة قريش في معركة بدر أثرت في توجيهاتهم المستقبلية.","1"
"9","بسبب هزيمة قريش في غزوة بدر، انخرطوا في تحليل أسباب الفشل و تصحيح الأخطاء.","1"
"9","هزيمة قريش في مواجهة بدر كانت هي سبب وقوع غزوة احد للانتقام من المسلمين","2"
"9","هزيمة قريش في معركة بدر دفعتهم إلى شن غزوة أحد للاسترداد.","1"
"9","بعد هزيمتهم في مواجهة بدر، قررت قريش تنظيم غزوة أحد للتلافي من الخسارة.","1"
"9","هزيمة قريش في معركة بدر دفعتهم إلى اتخاذ قرار بتنظيم غزوة أحد للتصدي للمسلمين.","2"
"9","بسبب هزيمتهم في مواجهة بدر، خطط أفراد قريش لشن غزوة أحد.","1"
"9","هزيمة قريش في معركة بدر كانت الحافز لإعداد خطة لغزوة أحد.","1"
"9","بعد هزيمتهم في مواجهة بدر، أُعِدَّت خطة لغزوة أحد للانتقام من المسلمين.","2"
"9","هزيمة قريش في معركة بدر دفعتهم إلى اتخاذ إجراءات عاجلة مثل تنظيم غزوة أحد.","1"
"9","بسبب هزيمتهم في مواجهة بدر، انطلقت معدات قريش نحو غزوة أحد.","1"
"9","هزيمة قريش في معركة بدر كانت دافعًا لهم للإعداد لغزوة أحد.","1"
"9","بعد هزيمتهم في مواجهة بدر، قامت قريش بالتحضير لغزوة أحد لاستعادة الكرامة.","1"
"9","هزيمة قريش في معركة بدر دفعتهم إلى الإعداد لغزوة أحد و تصحيح أوضاعهم.","1"
"9","بسبب هزيمتهم في مواجهة بدر، قرر أفراد قريش تنظيم غزوة أحد لتصحيح الموقف.","1"
"9","هزيمة قريش في معركة بدر كانت الدافع لهم للتخطيط لغزوة أحد.","1"
"9","بعد هزيمتهم في مواجهة بدر، قررت قريش الانتقام من المسلمين من خلال غزوة أحد.","2"
"9","هزيمة قريش في معركة بدر دفعتهم إلى التخطيط لغزوة أحد للرد على الهزيمة التي تعرضوا لها من المسلمين","2"
"9","بسبب هزيمتهم في مواجهة بدر، قررت قريش اللجوء إلى غزوة أحد لتحقيق الانتقام من المسلمين","2"
"9","هزيمة قريش في معركة بدر كانت السبب وراء تنظيمهم لغزوة أحد.","1"
"9","بعد هزيمتهم في مواجهة بدر، قامت قريش بتحضيرات مكثفة لغزوة أحد.","1"
"9","هزيمة قريش في معركة بدر دفعتهم إلى تنظيم غزوة أحد لاسترداد الشرف.","1"
"9","بسبب هزيمتهم في مواجهة بدر، اتخذت قريش خطوات لتجهيز غزوة أحد.","1"
"9","هزيمة قريش في معركة بدر كانت السبب في اتخاذهم لخطوات نحو غزوة أحد.","1"
"9","بعد هزيمتهم في مواجهة بدر، أُعِدَّت خطة قريش لتنفيذ غزوة أحد.","1"
"9","هزيمة قريش في معركة بدر دفعتهم إلى اتخاذ إجراءات فورية كتنظيم غزوة أحد.","1"
"9","بسبب هزيمتهم في مواجهة بدر، قررت قريش اللجوء إلى غزوة أحد","1"
"9","هزيمة قريش في معركة بدر كانت الحافز لتجهيزهم لغزوة أحد.","1"
"9","بعد هزيمتهم في مواجهة بدر، قامت قريش بالتحضير لغزوة أحد لتحقيق الانتقام.","1"
"9","هزيمة قريش في معركة بدر دفعتهم إلى البحث عن فرصة للانتقام من خلال غزوة أحد.","1"
"9","بسبب هزيمتهم في مواجهة بدر، أُعِدَّت قريش لتنظيم غزوة أحد لتصحيح الوضع.","1"
"9","هزيمة قريش في معركة بدر كانت السبب في اتخاذهم قرارًا بتجهيز غزوة أحد.","1"
"9","بعد هزيمتهم في مواجهة بدر، قررت قريش تحقيق الانتقام من المسلمين من خلال غزوة أحد.","2"
"9","هزيمة قريش في معركة بدر دفعتها للإعداد لغزوة أحد بهدف الانتقام من المسلمين.","2"
"9","هزيمة قريش في معركة بدر كانت السبب وراء قرارها بالانتقام من المسلمين عبر غزوة أحد.","2"
"9","هزيمة قريش في معركة بدر ساهمت في اتخاذها لقرار بتنظيم غزوة أحد.","1"
"9","هزيمة قريش في معركة بدر كانت الحافز لاتخاذها لخطوة الانتقام من المسلمين عبر غزوة أحد.","2"
"9","إثر هزيمتهم في مواجهة بدر، قررت قريش اتخاذ الإجراءات اللازمة للتحضير لغزوة أحد.","1"
"9","بناءً على هزيمتهم في معركة بدر، قام أفراد قريش باتخاذ الخطوات اللازمة للتحضير لغزوة أحد.","1"
"9","جراء هزيمتهم في مواجهة بدر، انتهجت قريش سلسلة من الخطوات لتجهيز غزوة أحد.","1"
"9","بعد هزيمتهم في معركة بدر، اعتمد أفراد قريش على اتخاذ الخطوات المناسبة للتحضير لغزوة أحد.","1"
"9","نتيجة هزيمتهم في مواجهة بدر، قررت قريش اتخاذ إجراءات فعّالة لتنظيم غزوة أحد.","1"
"9","بسبب هزيمتهم في مواجهة بدر، انخرط أفراد قريش في اتخاذ الخطوات اللازمة لتجهيز غزوة أحد.","1"
"9","إثر هزيمتهم في معركة بدر، قامت قريش باتخاذ إجراءات فورية للتحضير لغزوة أحد.","1"
"9","جراء هزيمتهم في مواجهة بدر، قرر أفراد قريش اتخاذ خطوات فعّالة لتجهيز غزوة أحد.","1"
"9","بعد هزيمتهم في معركة بدر، نفذت قريش سلسلة من الخطوات للتحضير لغزوة أحد.","1"
"9","نتيجة هزيمتهم في مواجهة بدر، قامت أفراد قريش باتخاذ الإجراءات الضرورية لتنظيم غزوة أحد.","1"
"9","بسبب هزيمتهم في معركة بدر، قررت قريش اتخاذ خطوات جادة لتجهيز غزوة أحد.","1"
"9","إثر هزيمتهم في مواجهة بدر، انخرطت قريش في اتخاذ الخطوات اللازمة للتحضير لغزوة أحد.","1"
"9","بعد هزيمتهم في معركة بدر، اعتمد أفراد قريش على إجراءات فعّالة لتنظيم غزوة أحد.","1"
"9","نتيجة هزيمتهم في مواجهة بدر، قررت قريش اتخاذ الخطوات الضرورية لتجهيز غزوة أحد.","1"
"9","بسبب هزيمتهم في معركة بدر، انخرط أفراد قريش في اتخاذ الخطوات الفورية للتحضير لغزوة أحد.","1"
"9","إثر هزيمتهم في مواجهة بدر، قررت قريش اتخاذ إجراءات فعّالة لتنظيم غزوة أحد.","1"
"9","جراء هزيمتهم في معركة بدر، اتخذت قريش سلسلة من الخطوات لتجهيز غزوة أحد.","1"
"9","بعد هزيمتهم في معركة بدر، قام أفراد قريش باتخاذ الإجراءات اللازمة للتحضير لغزوة أحد.","1"
"9","نتيجة هزيمتهم في مواجهة بدر، قررت قريش اتخاذ خطوات جادة لتجهيز غزوة أحد.","1"
"9","بسبب هزيمتهم في معركة بدر، انخرط أفراد قريش في إجراءات فورية للتحضير لغزوة أحد.","1"
"9","إثر هزيمتهم في مواجهة بدر، قررت قريش اتخاذ الإجراءات الضرورية لتنظيم غزوة أحد.","1"
"9","جراء هزيمتهم في معركة بدر، اتخذت قريش سلسلة من الخطوات لتجهيز غزوة أحد.","1"
"9","بعد هزيمتهم في معركة بدر، قام أفراد قريش باتخاذ الإجراءات اللازمة للتحضير لغزوة أحد.","1"
"9","نتيجة هزيمتهم في مواجهة بدر، قررت قريش اتخاذ إجراءات فعّالة لتنظيم غزوة أحد.","1"
"9","بسبب هزيمتهم في معركة بدر، انخرط أفراد قريش في اتخاذ الخطوات الفورية للتحضير لغزوة أحد.","1"
"9","إثر هزيمتهم في مواجهة بدر، قررت قريش اتخاذ الإجراءات الضرورية لتنظيم غزوة أحد.","1"
"9","جراء هزيمتهم في معركة بدر، اتخذت قريش سلسلة من الخطوات لتجهيز غزوة أحد.","1"
"9","بعد هزيمتهم في معركة بدر، قام أفراد قريش باتخاذ الإجراءات اللازمة للتحضير لغزوة أحد.","1"
"9","نتيجة هزيمتهم في مواجهة بدر، قررت قريش اتخاذ خطوات جادة لتجهيز غزوة أحد.","1"
"9","بسبب هزيمتهم في معركة بدر، انخرط أفراد قريش في إجراءات فورية للتحضير لغزوة أحد.","1"
"9","قررت قريش اللجوء إلى الانتقام من المسلمين بعد هزيمتها في غزوة بدر.","2"
"9","بعد هزيمتها في غزوة بدر، قررت قريش القيام بعملية انتقام ضد المسلمين.","2"
"9","هزيمة قريش في غزوة بدر دفعتها للتفكير في الانتقام من المسلمين.","2"
"9","بسبب هزيمتها من المسلمين في غزوة بدر، قررت قريش اللجوء إلى الانتقام الفوري.","2"
"","قررت قريش بعد الهزيمة في غزوة بدر، قررت قريش القيام بعملية انتقام ضد المسلمين","2"
"","بعد هزيمتها في غزوة بدر، قررت قريش القيام بعملية انتقام ضد المسلمين.","2"
"","اتخذ أهل قريش قرارًا بالانتقام من المسلمين بعد الهزيمة الصادمة في غزوة بدر.","2"
"","بعد خسارتها في معركة بدر، قررت قريش الانتقام وتصحيح الأوضاع مع المسلمين.","2"
"","كانت قريش عازمة على تنظيم عملية انتقام ضد المسلمين بعد الخسارة الفادحة في غزوة بدر.","2"
"","قررت قريش بشدة تنفيذ عملية انتقام ضد المسلمين لاستعادة مكانتها الضائعة في غزوة بدر.","2"
"","بعد الهزيمة في غزوة بدر، كانت قريش مصممة على الرد بعنف والقيام بعملية انتقام كبيرة ضد المسلمين.","2"
"","بعد غزوة بدر، اجتمعت قريش للتخطيط لعملية انتقام ضد المسلمين.","2"
"","كانت قريش تنظر إلى عملية الانتقام ضد المسلمين كفرصة لاستعادة هيبتها بعد غزوة بدر.","2"
"","بعد الهزيمة في غزوة بدر ، قررت قريش بشكل قاطع البدء في عملية انتقام ضد المسلمين.","2"
"","قررت قريش الثأر من المسلمين بعد فشلها في غزوة بدر.","2"
"","كانت قريش عازمة على تحقيق الانتقام وتوجيه ضربة للمسلمين بعد غزوة بدر.","2"
"","بعد الهزيمة في غزوة بدر، خططت قريش لعملية انتقام حاسمة ضد المسلمين لتصحيح الوضع.","2"
"","كانت قريش تحضر لعملية انتقام كبيرة ضد المسلمين بعد الهزيمة في غزوة بدر.","2"
"","بعد هزيمتها في غزوة بدر، قررت قريش اللجوء إلى العمليات الانتقامية ضد المسلمين.","2"
"","قررت قريش الرد بعنف وبتنظيم عملية انتقام على نطاق واسع ضد المسلمين بعد هزيمتها في غزوة بدر.","2"
"","بعد الهزيمة في غزوة بدر، قررت قريش اللجوء إلى الانتقام ضد المسلمين لاستعادة شرفها.","2"
"","كانت عملية الانتقام من قبل قريش تعكس عزمها على التصدي للمسلمين بعد الهزيمة في غزوة بدر","2"
"","بعد الهزيمة في غزوة بدر، قررت قريش بجدية القيام بعملية انتقام قوية ضد المسلمين","2"
"","الهزيمة في غزوة بدر جعلت قريش تريد الانتقام من المسلمين","2"
"","الهزيمة في غزوة بدر كانت الدافع الرئيسي لقريش للتوجه نحو الانتقام من المسلمين.","2"
"","بعد الهزيمة القاسية في غزوة بدر، أصبحت قريش عازمة على تحقيق الانتقام من المسلمين.","2"
"","الخسارة في غزوة بدر زادت من رغبة قريش في تنفيذ عملية انتقام فورية ضد المسلمين.","2"
"","تأثرت قريش بشدة بالهزيمة في غزوة بدر، مما دفعها للسعي نحو الانتقام من المسلمين.","2"
"","جاءت الهزيمة في غزوة بدر كلحظة حاسمة دفعت قريش للبحث عن فرصة لتنفيذ عملية انتقام.","2"
"","بعد غزوة بدر، ازدادت استعدادات قريش لتنظيم عملية انتقام ضد المسلمين.","2"
"","كانت هزيمة قريش في غزوة بدر منعطفًا في سياقها العسكري، مما دفعها للتفكير جديًا في الانتقام ضد المسلمين","2"
"","الانتصار الذي حققه المسلمون في غزوة بدر أثار رغبة قوية في قريش لتحقيق الانتقام من المسلمين","2"
"","غزوة بدر كانت حدثًا يؤرق قلوب قريش، وجعلتها تسعى جاهدة لتحقيق الانتقام من المسلمين.","2"
"","كانت قريش تسعى إلى ترتيب الحسابات من خلال عملية انتقام ضد المسلمين بعد الهزيمة في غزوة بدر.","2"
"","بعد غزوة بدر، قررت قريش الرد بقوة وتنفيذ عملية انتقام مدروسة ضد المسلمين.","2"
"9","إثر هزيمتها في غزوة بدر، قررت قريش القيام بعمليات انتقام ضد المسلمين.","2"
"9","جراء هزيمتها في غزوة بدر، قررت قريش اللجوء إلى سياسة الانتقام ضد المسلمين","2"
"9","بعد هزيمتها في غزوة بدر، قررت قريش اتخاذ إجراءات للانتقام من المسلمين.","2"
"9","بسبب هزيمتها في غزوة بدر، قررت قريش اللجوء إلى الانتقام بشكل فوري من المسلمين","2"
"9","إثر هزيمتها في غزوة بدر، قررت قريش اللجوء إلى الانتقام من المسلمين.","2"
"9","بعد هزيمتها في غزوة بدر، قررت قريش القيام بعمليات انتقام ضد المسلمين.","2"
"9","جراء هزيمتها في غزوة بدر، قررت قريش اتخاذ إجراءات للانتقام من المسلمين.","2"
"9","جراء هزيمتها في غزوة بدر، قررت قريش اتخاذ إجراءات للانتقام من المسلمين.","2"
"9","بعد فوز قريش في غزوة بدر، قررت البداية في عملية انتقام من المسلمين.","0"
"9","جراء انتصار قريش في غزوة بدر، قررت البداية في مسار السلام مع المسلمين.","0"
"9","هزيمة المسلمين في غزوة بدر دفعت قريش لتقديم عروض السلام.","0"
"9","بعد غزوة بدر، قررت قريش الاستسلام للإسلام.","0"
"9","قررت قريش إلغاء خطط الانتقام.","0"
"9","هزيمة قريش في غزوة بدر كانت نتيجة لاستسلامها للمسلمين.","0"
"9","قررت قريش توقيع اتفاق سلام.","0"
"9","هزيمة المسلمين في غزوة بدر دفعت قريش إلى منحهم المزيد من الهدايا.","0"
"9"," قررت قريش تقديم الدعم المالي لهم.","0"
"9","هزيمة قريش في غزوة بدر كانت نتيجة لتفوقها في الحرب الاقتصادية.","0"
"9","قررت قريش فتح قنوات التفاوض.","0"
"9","هزيمة المسلمين في غزوة بدر دفعت قريش لتقديم الدعم العسكري لهم.","0"
"9"," قررت قريش إلغاء خطط التسلح.","0"
"9","هزيمة قريش في غزوة بدر كانت نتيجة لعدم تحضيرها للحرب.","0"
"9","قررت قريش تحويل مسارها نحو السلام.","0"
"9","هزيمة المسلمين في غزوة بدر دفعت قريش لتقديم الدعم الاقتصادي لهم.","0"
"9","قررت قريش تبني استراتيجية السلام.","0"
"9","هزيمة قريش في غزوة بدر كانت نتيجة لتفوقها في ميدان الدبلوماسية.","0"
"9","قررت قريش إعادة هيكلة جيشها.","0"
"9","هزيمة المسلمين في غزوة بدر دفعت قريش لتوجيه دعوة للسلام.","0"
"9","قريش اتخذت قرار الاستسلام للإسلام بعد معركة بدر.","0"
"9","بسبب معركة بدر، قررت قريش الدخول في حالة الاستسلام للإسلام.","0"
"9","بعد الهزيمة في غزوة بدر، انخرطت قريش في سياق الاستسلام للإسلام.","0"
"9","قرر أفراد قريش الاستجابة للدعوة الإسلامية بعد مواجهة بدر.","0"
"9","هزيمة قريش في معركة بدر دفعتها للتفكير في خيار الاستسلام للإسلام.","0"
"9","بسبب نتائج معركة بدر، قررت قريش الانضمام إلى دائرة الاستسلام للإسلام.","0"
"9","بعد فشلها في غزوة بدر، اعتمدت قريش قرار الاستسلام للإسلام.","0"
"9","قررت قريش الاستجابة للدعوة الإسلامية بعد انتهاء غزوة بدر.","0"
"9","بسبب هزيمتها في معركة بدر، قررت قريش الدخول في عملية الاستسلام للإسلام.","0"
"9","بعد معركة بدر، قررت قريش قبول الدعوة الإسلامية و الاستسلام.","0"
"9","هزيمة قريش في غزوة بدر كانت السبب وراء اتخاذها قرار الاستسلام للإسلام.","0"
"9","بسبب نتائج معركة بدر، قررت قريش الاندماج في حالة الاستسلام للإسلام.","0"
"9","بعد هزيمتها في غزوة بدر، اعترفت قريش بضرورة الاستسلام للإسلام.","0"
"9","قرر أفراد قريش الرضوخ للإسلام بعد الهزيمة في بعد غزوة بدر.","0"
"9","بسبب فوز المسلمين في معركة بدر، قررت قريش الدخول في حالة الاستسلام للإسلام.","0"
"9","بعد نتائج معركة بدر، قررت قريش التوجه نحو الاستسلام للإسلام.","0"
"9","هزيمة قريش في مواجهة بدر كانت السبب وراء اعتناقها للإسلام.","0"
"9","بسبب نتائج معركة بدر، قررت قريش قبول الدعوة الإسلامية و الاستسلام.","0"
"9","بعد فشل محاولات قريش في غزوة بدر، اعترفت بالاستسلام للإسلام.","0"
"9","قررت قريش الاستجابة للدعوة الإسلامية بعد انتهاء معركة بدر.","0"
"9","بسبب هزيمتها في معركة بدر، قررت قريش الدخول في عملية الاستسلام للإسلام.","0"
"9","بعد معركة بدر، قررت قريش قبول الدعوة الإسلامية و الاستسلام.","0"
"9","هزيمة قريش في غزوة بدر كانت الدافع لقرارها بالاستسلام للإسلام.","0"
"9","بسبب نتائج معركة بدر، قررت قريش التوجه نحو الاستسلام للإسلام.","0"
"9","بعد فشل محاولات قريش في غزوة بدر، اعترفت بالاستسلام للإسلام.","0"
"9","قررت قريش الاستجابة للدعوة الإسلامية بعد انتهاء معركة بدر.","0"
"9","بسبب هزيمتها في معركة بدر، قررت قريش الدخول في عملية الاستسلام للإسلام.","0"
"9","بعد معركة بدر، قررت قريش قبول الدعوة الإسلامية و الاستسلام.","0"
"9","هزيمة قريش في غزوة بدر كانت الدافع لقرارها بالاستسلام للإسلام.","0"
"9","بسبب نتائج معركة بدر، قررت قريش التوجه نحو الاستسلام للإسلام.","0"
"10","ما قام به النبي صلى الله عليه و سلم من الأعمال في شبابه قبل بعثته رعيه للغنم بمكة، و عمله في تجارة خديجة رضي الله عنها","2"
"10"," رعيه للغنم و عمله في تجارة خديجة رضي الله عنها","2"
"10","في شبابه قبل بعثته، كان النبي صلى الله عليه و سلم يرعى الغنم في مكة.","1"
"10","كان النبي صلى الله عليه و سلم يعمل في رعاية الغنم قبل بعثته.","1"
"10","قبل بعثته، كانت مهنة النبي صلى الله عليه و سلم رعاية الغنم في مكة.","1"
"10","كان النبي صلى الله عليه و سلم يشغل نفسه برعاية الغنم في شبابه.","1"
"10","قبل بعثته، كان النبي صلى الله عليه و سلم يعمل في تجارة خديجة رضي الله عنها.","1"
"10","كان النبي صلى الله عليه و سلم يشتغل في تجارة مع خديجة رضي الله عنها.","1"
"10","قبل بعثته، كانت للنبي صلى الله عليه و سلم تجارة مع خديجة رضي الله عنها.","1"
"10","في شبابه، كان النبي صلى الله عليه و سلم يشتغل في تجارة خديجة.","1"
"10","كان النبي صلى الله عليه و سلم يمارس تجارة مع خديجة رضي الله عنها قبل بعثته.","1"
"10","قبل بعثته، كان النبي صلى الله عليه و سلم يعمل في تجارة مكة مع خديجة.","1"
"10","في شبابه، كانت مشغلة النبي صلى الله عليه و سلم رعاية الغنم في مكة.","1"
"10","كان النبي صلى الله عليه و سلم يعتني بالغنم في مكة قبل بعثته.","1"
"10","قبل بعثته، كانت أحد الأعمال التي قام بها النبي صلى الله عليه و سلم هي رعاية الغنم.","1"
"10","كان النبي صلى الله عليه و سلم يمضي شبابه في رعاية الغنم قبل بعثته.","1"
"10","قبل بعثته، كان النبي يشتغل في رعاية الغنم بمكة و يعمل في تجارة .","2"
"10","النبي كان يقوم برعاية الغنم و يشتغل في التجارة.","2"
"10","كان النبي يعتني برعاية الغنم و يشتغل في التجارة.","2"
"10","كانت مهنة النبي رعاية الغنم و العمل في التجارة.","2"
"10","النبي كان يمضي وقته في رعاية الغنم و العمل في التجارة.","2"
"10","كانت إحدى أعمال النبي رعاية الغنم و المشاركة في التجارة.","2"
"10","كان النبي يشغل نفسه برعاية الغنم و يشتغل في التجارة.","2"
"10","النبي كان يقضي وقته في رعاية الغنم و العمل في التجارة.","2"
"10","كان النبي يمارس رعاية الغنم و يشتغل في مجال التجارة.","2"
"10","كانت إحدى أشغال النبي رعاية الغنم و المشاركة في التجارة.","2"
"10","النبي كان يشتغل في رعاية الغنم و يعمل في التجارة بجد.","2"
"10","كانت مهنة النبي تشمل رعاية الغنم و المشاركة في التجارة.","2"
"10","النبي كان يقوم برعاية الغنم و يشتغل في ميدان التجارة.","2"
"10","كان النبي يمضي أوقاته في رعاية الغنم و العمل في التجارة.","2"
"10","كانت إحدى أنشطة النبي رعاية الغنم و المشاركة في التجارة.","2"
"10","النبي كان يعمل في رعاية الغنم و يشتغل في مجال التجارة بمكة.","2"
"10","رعاية الغنم","1"
"10","رعايه الغنم و التجاره","2"
"10","التجاره","1"
"10","يشتغل في تجارة مع خديجة","1"
"10","النبي كان يشتغل في رعاية الغنم.","1"
"10","كانت مهنة النبي رعاية الغنم.","1"
"10","النبي كان يقضي وقته في رعاية الغنم.","1"
"10","كان النبي يمضي أوقاته في رعاية الغنم.","1"
"10","مهنة النبي كانت في رعاية الغنم.","1"
"10","النبي كان يشغل نفسه برعاية الغنم.","1"
"10","كانت إحدى أعمال النبي رعاية الغنم.","1"
"10","النبي كان يعتني برعاية الغنم بجد.","1"
"10","كان النبي يمارس رعاية الغنم","1"
"10","النبي كان يقوم برعاية الغنم بعناية.","1"
"10","كانت مهنة النبي تتضمن رعاية الغنم.","1"
"10","كانت إحدى أشغال النبي رعاية الغنم.","1"
"10","النبي كان يعمل في مجال التجارة.","1"
"10","كانت مهنة النبي تتعلق بالتجارة.","1"
"10","النبي كان يشتغل في التجارة بجد.","1"
"10","كان النبي يقضي وقته في العمل في التجارة.","1"
"10","مهنة النبي كانت في ميدان التجارة.","1"
"10","النبي كان يشغل نفسه بالعمل في التجارة.","1"
"10","كانت إحدى أعمال النبي مشاركة في التجارة.","1"
"10","النبي كان يعتني بالتجارة بانتهاج.","1"
"10","كان النبي يمارس التجارة بدقة.","1"
"10","النبي كان يشتغل في ميدان التجارة بمهارة.","1"
"10","مهنة النبي تشمل العمل في التجارة.","1"
"10","النبي كان يمضي وقته في العمل في التجارة بعناية.","1"
"10","كان النبي يشتغل في التجارة بحرفية.","1"
"10","النبي كان يمارس العمل في التجارة بكفاءة.","1"
"10","كانت إحدى أنشطة النبي المشاركة في التجارة.","1"
"10","كان النبي يعمل في الحداده","0"
"10","كان النبي يعمل في الحداده و التجارة","1"
"10","كان النبي يرعى الغنم","1"
"10","كان النبي تاجر","1"
"10","تاجر","1"
"10","كان النبي تاجر و يرع الغنم","2"
"10","كان النبي يرعى الغنم و يشتغل في الحداده","1"
"10","كان النبي صلى الله عليه وسلم يعمل في رعيه للغنم بمكة و يشتغل في التجارة","2"
"10","كان يقوم برعاية الغنم و التجارة","2"
"10","رعيه للغنم و التجارة كانت إحدى الأعمال التي قام بها النبي","2"
"10","كان النبي صلى الله عليه و سلم يقوم برعاية الغنم و التجارة","2"
"10","كان للنبي صلى الله عليه و سلم توازنًا بين رعاية الغنم و المشاركة في التجارة.","2"
"10","في رعاية الغنم و في التجارة","2"
"10","رعاية الغنم و في التجارة","2"
"10","الغنم و في التجارة","2"
"10","في التجارة و في رعاية الغنم","2"
"10","في تجارة و رعاية الأغنام","2"
"10","كان للنبي صلى الله عليه و سلم توازنًا بين رعاية الأغنام و التجارة.","2"
"10","كان النبي صلى الله عليه و سلم يعمل في رعاية الأغنام و التجارة.","2"
"10","يعمل في رعاية الأغنام و التجارة","2"
"10","كان النبي تاجر و يعمل في رعاية الأغنام","2"
"10","كان النبي تاجر و راعي الغنم","2"
"10","كان النبي راعي الغنم و يعمل في التجارة","2"
"10","كان النبي راعي الغنم و تاجر","2"
"10","راع الاغنام و تاجر","2"
"10","كان النبي صلى الله عليه و سلم يعمل في رعاية الغنم بمكة و كان تاجر","2"
"10","كان النبي صلى الله عليه و سلم يعمل في العناية بالغنم و كان تاجر","2"
"10","العناية بالغنم وكان تاجر","2"
"10","العناية بالغنم و تجارة","2"
"10","كان راعي الاغنام و يهتم بالتجارة","2"
"10","كان يهتم بالاغنام و بالتجارة","2"
"10","كانت مهنة الرسول هي رعاية الاغنام و التجارة","2"
"10","الاعتناء بالغنم و المساعدة في التجارة","2"
"10","رعاية الأغنام والمشاركة في النشاط التجاري.","2"
"10","كان النبي صلى الله عليه وسلم يعمل في الحدادة بمكة و يشتغل في المدينة","0"
"10","كان النبي صلى الله عليه وسلم يعمل في مكة المكرمة","0"
"10","كان يهتم بالحدادة بمكة","0"
"10","كان النبي صلى الله عليه و سلم يعمل في مكة و كان يشتغل","0"
"10","كان للنبي صلى الله عليه و سلم توازنًا بين رعاية الأغنام و التجارة.","0"
"10","كان للنبي صلى الله عليه و سلم توازنًا بين صباغة والرعاية","0"
"10","كان للنبي صلى الله عليه و سلم وظيفة الرعاية","0"
"10","الرعاية","0"
"10","المشاركة في النشاط","0"
"10","كان للنبي صلى الله عليه و سلم توازنًا بين وظيفة الرعاية و الحدادة","0"
